Ticker,Público Alvo,Tipo de Fii,Administrador,Último Rend. (R$),Último Rend. (%),Data Pagamento,Data Base,Rend. Méd. 12m (R$),Rend. Méd. 12m (%),Patrimônio/Cota,Cotação/VP,N° negócios/mês,Partic. IFIX,Número Cotistas,Patrimônio,Cota base
AAGR11,N/A,N/A,N/A,N/A,N/A,N/A,N/A,N/A,N/A,N/A,N/A,N/A,N/A,N/A,N/A,N/A
AAZQ11,Investidores em Geral,Fiagro:Fiagro,XP INVESTIMENTOS CCTVM S.A.,"0,12","1,32",15/01/2024,28/12/2023,"0,13","1,39","9,65","0,96",115,N/A,23.739,"231.822.163,06","9,10"
ABCP11,Investidores em Geral,Tijolo:Shoppings,RIO BRAVO INVESTIMENTOS - DISTRIBUIDORA DE TITULOS E VALORES MOBILIARIOS LTDA,"0,65","0,93",08/01/2024,28/12/2023,"0,54","0,77","91,88","0,74",3,N/A,17.205,"478.010.469,38","69,81"
AFCR11,N/A,N/A,N/A,N/A,N/A,N/A,N/A,N/A,N/A,N/A,N/A,N/A,N/A,N/A,N/A,N/A
AFHI11,Investidores em Geral,Papel:Papéis,BTG PACTUAL SERVIÇOS FINANCEIROS S/A DTVM,"1,00","1,00",22/01/2024,15/01/2024,"1,06","1,06","96,43","1,02",39,"0,34",27.831,"321.041.569,91","99,70"
AFOF11,N/A,N/A,N/A,N/A,N/A,N/A,N/A,N/A,N/A,N/A,N/A,N/A,N/A,N/A,N/A,N/A
AGRX11,Investidores em Geral,Fiagro:Fiagro,BANCO GENIAL S.A.,"0,15","1,37",15/01/2024,09/01/2024,"0,16","1,44","10,15","1,07",29,N/A,17.196,"144.301.915,48","10,97"
AIEC11,Investidores em Geral,Tijolo:Lajes Corporativas,MAF DISTRIBUIDORA DE TITULOS E VALORES MOBILIARIOS S.A.,"1,33","2,33",09/01/2024,02/01/2024,"0,76","1,34","95,16","0,67",16,"0,21",16.789,"401.216.234,32","57,07"
AJFI11,Investidores em Geral,Sem categoria:,XP INVESTIMENTOS CCTVM S.A.,"0,07","0,72",22/01/2024,08/01/2024,"0,01","0,06","9,60","1,00",N/A,N/A,6.735,"303.522.331,87","9,66"
ALMI11,Investidores em Geral,Tijolo:Lajes Corporativas,BTG PACTUAL SERVIÇOS FINANCEIROS S/A DTVM,"0,37",N/A,13/04/2017,31/03/2017,"9,24",N/A,"2.250,09","0,31",87,N/A,2.239,"239.528.331,03",N/A
ALZC11,N/A,N/A,N/A,N/A,N/A,N/A,N/A,N/A,N/A,N/A,N/A,N/A,N/A,N/A,N/A,N/A
ALZM11,Investidores em Geral,Papel:Fundo de Fundos,BTG PACTUAL SERVIÇOS FINANCEIROS S/A DTVM,"0,11","1,22",22/01/2024,15/01/2024,"0,09","0,97","8,52","1,02",4,N/A,5.674,"129.280.035,30","8,89"
ALZR11,Investidores em Geral,Fundo Misto:Misto,BTG PACTUAL SERVIÇOS FINANCEIROS S/A DTVM,"0,80","0,67",25/01/2024,18/01/2024,"0,82","0,69","105,39","1,12",36,"0,92",149.502,"1.039.173.322,38","119,20"
AMAZ11,N/A,N/A,N/A,N/A,N/A,N/A,N/A,N/A,N/A,N/A,N/A,N/A,N/A,N/A,N/A,N/A
ANCR11B,Investidores em Geral,Tijolo:Shoppings,GENIAL INVESTIMENTOS CORRETORA DE VALORES MOBILIÁRIOS S.A.,"42,08",N/A,25/05/2023,28/04/2023,"5,26",N/A,"3.442,69","0,79",8,N/A,62,"1.933.854.842,07",N/A
APTO11,Investidores em Geral,Tijolo:Imóveis Residenciais,BRL TRUST DISTRIBUIDORA DE TITULOS E VALORES MOBILIARIOS S.A.,"0,09","0,92",19/01/2024,28/12/2023,"0,10","1,03","10,32","0,95",6,N/A,9.877,"41.467.547,86","9,78"
APXM11,Investidor Profissional,Sem categoria:,BTG PACTUAL SERVIÇOS FINANCEIROS S/A DTVM,"0,58","0,58",25/01/2024,18/01/2024,"0,21","0,21","95,86","1,04",262,N/A,377,"168.710.781,90","99,99"
APXR11,N/A,N/A,N/A,N/A,N/A,N/A,N/A,N/A,N/A,N/A,N/A,N/A,N/A,N/A,N/A,N/A
APXU11,N/A,N/A,N/A,N/A,N/A,N/A,N/A,N/A,N/A,N/A,N/A,N/A,N/A,N/A,N/A,N/A
AQLL11,N/A,N/A,N/A,N/A,N/A,N/A,N/A,N/A,N/A,N/A,N/A,N/A,N/A,N/A,N/A,N/A
ARCT11,Investidores em Geral,Tijolo:Imóveis Industriais e Logísticos,BTG PACTUAL SERVIÇOS FINANCEIROS S/A DTVM,"0,39","0,44",20/01/2023,13/01/2023,"1,20","1,35","99,77","0,87",51.208,"0,31",43.228,"371.534.654,03","89,28"
ARFI11B,N/A,N/A,N/A,N/A,N/A,N/A,N/A,N/A,N/A,N/A,N/A,N/A,N/A,N/A,N/A,N/A
AROA11,Investidores em Geral,Tijolo:Imóveis Industriais e Logísticos,VORTX DISTRIBUIDORA DE TITULOS E VALORES MOBILIARIOS LTDA.,"0,01","0,42",08/01/2024,28/12/2023,"0,00","0,26","1,06","1,12",3,N/A,205,"181.093.979,93","1,41"
ARRI11,Investidores em Geral,Papel:Papéis,OLIVEIRA TRUST DTVM S.A.,"0,10","1,10",08/01/2024,28/12/2023,"0,10","1,13","8,97","1,01",17,"0,09",27.526,"117.352.872,73","9,08"
ARXD11,Investidor Qualificado,Papel:Papéis,HEDGE INVESTMENTS DISTRIBUIDORA DE TÍTULOS E VALORES MOBILIÁRIOS LTDA.,"1,00","1,03",15/01/2024,28/12/2023,"0,84","0,87","98,84","0,97",192,N/A,561,"65.143.993,05","97,03"
ASMT11,Investidores em Geral,Tijolo:Lajes Corporativas,BTG PACTUAL SERVIÇOS FINANCEIROS S/A DTVM,"0,77","1,11",23/02/2023,14/02/2023,"0,13","0,19","84,73","0,67",367,N/A,505,"93.675.954,10","69,36"
ASRF11,Investidor Qualificado,Fundo Misto:Indefinido,BTG PACTUAL SERVIÇOS FINANCEIROS S/A DTVM,"256,33",N/A,25/07/2023,18/07/2023,"21,36",N/A,"9.999,66","1,01",1,N/A,56,"23.952.291,08",N/A
ATCR11,Investidores em Geral,Tijolo:Lajes Corporativas,RJI CORRETORA DE TÍTULOS E VALORES MOBILIÁRIOS LTDA,"5,60",N/A,09/01/2024,28/12/2023,"0,51",N/A,"82,42",N/A,N/A,N/A,33,"76.717.810,00",N/A
ATSA11,Investidores em Geral,Tijolo:Shoppings,HEDGE INVESTMENTS DISTRIBUIDORA DE TÍTULOS E VALORES MOBILIÁRIOS LTDA.,"0,05",N/A,14/03/2023,28/02/2023,"0,01",N/A,"81,55","0,74",73,N/A,294,"132.872.243,02",N/A
ATSA11B,N/A,N/A,N/A,N/A,N/A,N/A,N/A,N/A,N/A,N/A,N/A,N/A,N/A,N/A,N/A,N/A
ATWN11,N/A,N/A,N/A,N/A,N/A,N/A,N/A,N/A,N/A,N/A,N/A,N/A,N/A,N/A,N/A,N/A
AURB11,Investidor Qualificado,Tijolo:Imóveis Comerciais - Outros,BTG PACTUAL SERVIÇOS FINANCEIROS S/A DTVM,"0,20",N/A,20/12/2023,13/12/2023,"0,44",N/A,"83,44","1,04",N/A,N/A,115,"72.068.378,89",N/A
BARI11,Investidores em Geral,Papel:Papéis,OLIVEIRA TRUST DTVM S.A.,"0,69","0,83",22/01/2024,28/12/2023,"0,78","0,93","96,23","0,87",29,"0,31",36.705,"445.772.913,09","83,50"
BBFI11B,Investidores em Geral,Tijolo:Lajes Corporativas,BTG PACTUAL SERVIÇOS FINANCEIROS S/A DTVM,"7,43","0,61",15/01/2024,28/12/2023,"13,46","1,10","2.147,98","0,54",2,N/A,7.491,"266.472.708,73","1.222,00"
BBFO11,Investidores em Geral,Papel:Fundo de Fundos,BB GESTAO DE RECURSOS DTVM S.A,"0,64","0,88",15/01/2024,28/12/2023,"0,68","0,93","80,76","0,89",10,N/A,6.001,"333.079.626,89","72,91"
BBGO11,Investidores em Geral,Fiagro:Fiagro,BB GESTAO DE RECURSOS DTVM S.A,"1,15","1,30",15/01/2024,28/12/2023,"1,01","1,15","97,61","0,92",10,N/A,11.558,"391.542.502,03","88,29"
BBIM11,Investidores em Geral,Papel:Papéis,BB GESTAO DE RECURSOS DTVM S.A,"0,65",N/A,15/01/2024,28/12/2023,"1,24",N/A,"13,20",N/A,N/A,N/A,20,"12.923.477,03",N/A
BBPO11,Investidor Profissional,Tijolo:Agências de Bancos,BEM - DISTRIBUIDORA DE TITULOS E VALORES MOBILIARIOS LTDA.,"0,91","0,93",15/01/2024,28/12/2023,"0,90","0,92","99,05","1,06",20,"1,33",71.716,"1.578.791.878,45","97,84"
BBRC11,Investidores em Geral,Tijolo:Agências de Bancos,VOTORANTIM ASSET MANAGEMENT DTVM LTDA.,"1,13","0,97",15/01/2024,28/12/2023,"1,08","0,93","107,25","1,11",2,N/A,9.491,"163.032.955,29","116,60"
BBVJ11,N/A,N/A,N/A,N/A,N/A,N/A,N/A,N/A,N/A,N/A,N/A,N/A,N/A,N/A,N/A,N/A
BCFF11,Investidores em Geral,Papel:Fundo de Fundos,BTG PACTUAL SERVIÇOS FINANCEIROS S/A DTVM,"0,07","0,75",15/01/2024,08/01/2024,"0,07","0,75","9,85","0,92",255,"1,46",315.407,"1.988.049.069,24","9,29"
BCIA11,Investidores em Geral,Papel:Fundo de Fundos,BANCO BRADESCO S.A.,"0,85","0,82",29/01/2024,28/12/2023,"0,81","0,78","107,13","0,95",19,"0,31",20.827,"411.393.419,43","103,96"
BCRI11,Investidores em Geral,Papel:Papéis,BRL TRUST DISTRIBUIDORA DE TITULOS E VALORES MOBILIARIOS S.A.,"0,78","1,04",15/01/2024,28/12/2023,"0,78","1,04","95,95","0,77",25,"0,37",46.771,"605.562.770,40","74,67"
BETW11,N/A,N/A,N/A,N/A,N/A,N/A,N/A,N/A,N/A,N/A,N/A,N/A,N/A,N/A,N/A,N/A
BICE11,Investidor Profissional,Papel:Fundo de Fundos,BRL TRUST DISTRIBUIDORA DE TITULOS E VALORES MOBILIARIOS S.A.,"6,64","0,68",08/01/2024,28/12/2023,"9,50","0,97","991,06","0,90",3,N/A,111,"90.138.444,99","980,00"
BICR11,Investidores em Geral,Papel:Papéis,INTER DISTRIBUIDORA DE TÍTULOS E VALORES MOBILIÁRIOS,"22,00",N/A,14/12/2023,30/11/2023,"5,47",N/A,"65,29","1,50",306,N/A,613,"22.215.276,65",N/A
BIME11,Investidores em Geral,Fundo Misto:Indefinido,BRL TRUST DISTRIBUIDORA DE TITULOS E VALORES MOBILIARIOS S.A.,"0,08","1,06",15/01/2024,05/01/2024,"0,08","1,09","8,72","0,84",5,N/A,8.703,"51.228.617,48","7,57"
BIPD11,Investidor Profissional,Fundo Misto:Indefinido,BRL TRUST DISTRIBUIDORA DE TITULOS E VALORES MOBILIARIOS S.A.,"10,38",N/A,14/08/2023,04/08/2023,"0,87",N/A,"983,48","1,00",1,N/A,116,"73.531.927,39",N/A
BIPE11,N/A,N/A,N/A,N/A,N/A,N/A,N/A,N/A,N/A,N/A,N/A,N/A,N/A,N/A,N/A,N/A
BLCA11,Investidores em Geral,Fundo Misto:Indefinido,BTG PACTUAL SERVIÇOS FINANCEIROS S/A DTVM,"12,60","9,70",27/12/2023,19/12/2023,"1,56","1,20","139,19","0,92",260,N/A,324,"206.984.008,58","129,95"
BLCP11,Investidores em Geral,Tijolo:Imóveis Industriais e Logísticos,BTG PACTUAL SERVIÇOS FINANCEIROS S/A DTVM,"0,56","0,63",21/10/2022,14/10/2022,"0,42","0,48","111,76","0,81",112,N/A,279,"256.580.339,90","89,00"
BLMC11,Investidores em Geral,Papel:Papéis,BRL TRUST DISTRIBUIDORA DE TITULOS E VALORES MOBILIARIOS S.A.,"0,64","0,74",22/01/2024,15/01/2024,"0,79","0,92","95,78","0,92",545,N/A,65,"38.266.013,20","85,96"
BLMG11,Investidores em Geral,Tijolo:Imóveis Industriais e Logísticos,VORTX DISTRIBUIDORA DE TITULOS E VALORES MOBILIARIOS LTDA.,"0,44","1,05",15/01/2024,08/01/2024,"0,67","1,59","84,22","0,49",29,"0,12",13.595,"305.495.411,50","41,89"
BLMO11,Investidores em Geral,Tijolo:Lajes Corporativas,BRL TRUST DISTRIBUIDORA DE TITULOS E VALORES MOBILIARIOS S.A.,"0,43",N/A,15/01/2024,28/12/2023,"80,79",N/A,"33.347,26","0,86",13,N/A,86,"103.994.186,22",N/A
BLMR11,Investidores em Geral,Papel:Fundo de Fundos,BRL TRUST DISTRIBUIDORA DE TITULOS E VALORES MOBILIARIOS S.A.,"0,05","0,79",16/11/2023,07/11/2023,"0,06","0,83","7,78","0,90",59,"0,14",19.572,"194.622.510,70","6,69"
BLOG11,N/A,N/A,N/A,N/A,N/A,N/A,N/A,N/A,N/A,N/A,N/A,N/A,N/A,N/A,N/A,N/A
BLUR11,Investidores em Geral,Papel:Papéis,BANCO DAYCOVAL S.A.,"0,68",N/A,17/01/2024,10/01/2024,"0,94",N/A,"89,61","0,96",52,N/A,131,"8.124.404,45",N/A
BMII11,Investidores em Geral,Tijolo:Lajes Corporativas,RIO BRAVO INVESTIMENTOS - DISTRIBUIDORA DE TITULOS E VALORES MOBILIARIOS LTDA,"0,23",N/A,07/08/2019,31/07/2019,"1,66",N/A,"491,53",N/A,N/A,N/A,12,"67.888.647,68",N/A
BMLC11,Investidores em Geral,Tijolo:Lajes Corporativas,BTG PACTUAL SERVIÇOS FINANCEIROS S/A DTVM,"0,78","0,74",15/01/2024,08/01/2024,"0,98","0,93","111,79","0,95",295,N/A,1.419,"111.732.920,02","105,90"
BMLC11B,N/A,N/A,N/A,N/A,N/A,N/A,N/A,N/A,N/A,N/A,N/A,N/A,N/A,N/A,N/A,N/A
BNFS11,Investidores em Geral,Tijolo:Agências de Bancos,OLIVEIRA TRUST DTVM S.A.,"1,26","1,03",15/01/2024,28/12/2023,"1,43","1,17","91,89","1,40",3,N/A,5.209,"60.222.284,32","122,42"
BPFF11,Investidores em Geral,Papel:Fundo de Fundos,GENIAL INVESTIMENTOS CORRETORA DE VALORES MOBILIÁRIOS S.A.,"0,62","0,87",08/01/2024,28/12/2023,"0,62","0,87","76,26","0,94",13,"0,26",17.596,"350.614.208,13","71,30"
BPLC11,Investidor Qualificado,Fundo Misto:Misto,BANCO DAYCOVAL S.A.,"14,42",N/A,08/03/2023,06/03/2023,"3,61",N/A,"9.776,35",N/A,N/A,N/A,114,"322.705.242,75",N/A
BPML11,Investidor Qualificado,Tijolo:Shoppings,BTG PACTUAL SERVIÇOS FINANCEIROS S/A DTVM,"0,87","0,91",25/01/2024,18/01/2024,"0,12","0,12","121,16","0,71",3,N/A,1.338,"577.965.617,51","95,98"
BPRP11,Investidor Qualificado,Tijolo:Imóveis Industriais e Logísticos,BTG PACTUAL SERVIÇOS FINANCEIROS S/A DTVM,"0,90",N/A,15/01/2024,08/01/2024,"0,91",N/A,"110,30","0,84",53,N/A,169,"168.041.522,20",N/A
BRCO11,Investidores em Geral,Tijolo:Imóveis Industriais e Logísticos,OLIVEIRA TRUST DTVM S.A.,"0,99","0,80",15/01/2024,28/12/2023,"0,80","0,65","120,60","1,04",96,"1,47",119.072,"1.775.219.765,77","123,39"
BRCR11,Investidores em Geral,Tijolo:Lajes Corporativas,BTG PACTUAL SERVIÇOS FINANCEIROS S/A DTVM,"0,41","0,68",15/01/2024,08/01/2024,"0,44","0,72","99,92","0,60",122,"1,25",148.330,"2.625.182.297,63","60,73"
BREV11,Investidores em Geral,Tijolo:Lajes Corporativas,BR-CAPITAL DTVM S.A.,"0,58","0,55",15/09/2023,06/09/2023,"0,84","0,80","117,72","0,89",595,N/A,320,"113.864.559,59","105,00"
BRHT11B,Investidor Qualificado e Profissional,Tijolo:Hotéis,RJI CORRETORA DE TÍTULOS E VALORES MOBILIÁRIOS LTDA,"2,71",N/A,30/11/2023,30/11/2023,"1,36",N/A,"71,31","1,23",N/A,N/A,11,"129.488.671,45",N/A
BRIM11,Investidores em Geral,Fundo Misto:Fundo de Desenvolvimento,BRL TRUST DISTRIBUIDORA DE TITULOS E VALORES MOBILIARIOS S.A.,"20,14",N/A,15/01/2024,28/12/2023,"21,17",N/A,"1.070,17","0,99",13,N/A,227,"132.133.809,15",N/A
BRIP11,Investidores em Geral,Fundo Misto:Fundo de Desenvolvimento,BRL TRUST DISTRIBUIDORA DE TITULOS E VALORES MOBILIARIOS S.A.,"13,93",N/A,15/01/2024,08/01/2024,"14,91",N/A,"1.134,48","0,89",1,N/A,254,"240.935.335,86",N/A
BRIX11,N/A,N/A,N/A,N/A,N/A,N/A,N/A,N/A,N/A,N/A,N/A,N/A,N/A,N/A,N/A,N/A
BRLA11,Investidor Qualificado,Tijolo:Imóveis Industriais e Logísticos,BTG PACTUAL SERVIÇOS FINANCEIROS S/A DTVM,"1,12",N/A,19/01/2024,12/01/2024,"1,11",N/A,"158,26","0,91",5,N/A,276,"558.507.177,89",N/A
BROF11,Investidores em Geral,Tijolo:Lajes Corporativas,BTG PACTUAL SERVIÇOS FINANCEIROS S/A DTVM,"0,57","1,00",24/01/2024,17/01/2024,"0,43","0,76","106,54","0,53",54,"0,52",8.024,"1.239.739.528,32","57,14"
BRSE11,N/A,N/A,N/A,N/A,N/A,N/A,N/A,N/A,N/A,N/A,N/A,N/A,N/A,N/A,N/A,N/A
BTAG11,N/A,Fiagro:Fiagro,N/A,"1,20","1,23",15/01/2024,08/01/2024,"1,29","1,33",N/A,N/A,N/A,N/A,0,N/A,"97,20"
BTAL11,Investidores em Geral,Tijolo:Imóveis Industriais e Logísticos,BTG PACTUAL SERVIÇOS FINANCEIROS S/A DTVM,"0,65","0,85",25/01/2024,18/01/2024,"0,74","0,97","104,54","0,73",53,"0,36",45.828,"625.413.908,80","76,21"
BTCI11,Investidores em Geral,Papel:,BTG PACTUAL SERVIÇOS FINANCEIROS S/A DTVM,"0,09","0,94",15/01/2024,08/01/2024,"0,10","1,02","10,22","0,96",241,"0,79",148.117,"1.034.376.297,85","9,99"
BTCR11,Investidores em Geral,Papel:Papéis,BTG PACTUAL SERVIÇOS FINANCEIROS S/A DTVM,"0,90","0,98",16/11/2022,08/11/2022,"1,00","1,08","94,66","0,92",24,"0,59",16.934,"458.252.683,73","91,96"
BTHI11,Investidores em Geral,Sem categoria:,BTG PACTUAL SERVIÇOS FINANCEIROS S/A DTVM,"0,43","0,95",15/01/2024,04/01/2024,"11,50","25,56","42,97","0,72",555,N/A,787,"579.134.800,00","45,00"
BTLG11,Investidores em Geral,Tijolo:Imóveis Industriais e Logísticos,BTG PACTUAL SERVIÇOS FINANCEIROS S/A DTVM,"0,81","0,78",25/01/2024,15/01/2024,"0,76","0,73","98,17","1,05",170,"2,34",266.471,"2.797.081.387,01","103,50"
BTRA11,Investidores em Geral,Fundo Misto:Indefinido,BTG PACTUAL SERVIÇOS FINANCEIROS S/A DTVM,"0,30","0,52",31/01/2024,24/01/2024,"0,67","1,15","123,52","0,45",17,"0,14",21.022,"415.605.865,42","57,89"
BTSG11,Investidores em Geral,Tijolo:Imóveis Industriais e Logísticos,INTER DISTRIBUIDORA DE TÍTULOS E VALORES MOBILIÁRIOS,"0,90",N/A,15/01/2024,28/12/2023,"0,89",N/A,"137,73","0,96",39,N/A,94,"112.561.858,43",N/A
BTSI11,Investidores em Geral,Fundo Misto:Indefinido,INTER DISTRIBUIDORA DE TÍTULOS E VALORES MOBILIÁRIOS,"0,74",N/A,31/01/2024,24/01/2024,"0,73",N/A,"114,50","0,85",3,N/A,114,"278.218.996,22",N/A
BTWR11,Investidores em Geral,Fundo Misto:Fundo de Desenvolvimento,VORTX DISTRIBUIDORA DE TITULOS E VALORES MOBILIARIOS LTDA.,"0,84",N/A,15/01/2024,28/12/2023,"0,55",N/A,"111,80","0,98",3,N/A,72,"90.354.803,21",N/A
BVAR11,Investidores em Geral,Tijolo:Varejo,RIO BRAVO INVESTIMENTOS - DISTRIBUIDORA DE TITULOS E VALORES MOBILIARIOS LTDA,"19,00",N/A,26/12/2023,15/12/2023,"16,73",N/A,"946,11","1,40",1,N/A,67,"625.412.820,40",N/A
BZEL11,Investidores em Geral,Fundo Misto:Misto,BANCO OURINVEST S.A.,"5,09",N/A,26/05/2023,25/05/2023,"0,43",N/A,"117,42",N/A,N/A,N/A,3,"507.236.753,73",N/A
BZLI11,N/A,N/A,N/A,N/A,N/A,N/A,N/A,N/A,N/A,N/A,N/A,N/A,N/A,N/A,N/A,N/A
CACR11,Investidores em Geral,Papel:Papéis,BANCO DAYCOVAL S.A.,"1,48","1,44",09/01/2024,28/12/2023,"1,46","1,41","100,82","1,03",65,"0,32",19.552,"386.150.009,96","103,00"
CARE11,Investidores em Geral,Fundo Misto:Indefinido,PLANNER TRUSTEE DISTRIBUIDORA DE TÍTULOS E VALORES MOBILIÁRIOS LTDA.,"0,01","0,23",15/09/2021,06/09/2021,"0,00","0,11","8,17","0,21",6,"0,06",11.725,"296.188.994,04","3,70"
CBOP11,Investidores em Geral,Tijolo:Lajes Corporativas,CREDIT SUISSE HEDGING-GRIFFO CORRETORA DE VALORES S.A.,"0,12","0,38",15/01/2024,28/12/2023,"0,12","0,38","73,79","0,43",397,N/A,3.122,"101.347.200,88","31,97"
CCLB11,N/A,N/A,N/A,N/A,N/A,N/A,N/A,N/A,N/A,N/A,N/A,N/A,N/A,N/A,N/A,N/A
CCME11,Investidores em Geral,Fundo Misto:Indefinido,BTG PACTUAL SERVIÇOS FINANCEIROS S/A DTVM,"0,90","0,83",16/01/2024,09/01/2024,"0,90","0,84","103,07","1,00",45,N/A,158,"590.198.727,47","107,99"
CCRF11,Investidores em Geral,Papel:Papéis,BTG PACTUAL SERVIÇOS FINANCEIROS S/A DTVM,"3,50",N/A,08/01/2024,28/12/2023,"0,96",N/A,"91,00","0,99",41,N/A,317,"146.548.498,31",N/A
CENU11,N/A,N/A,N/A,N/A,N/A,N/A,N/A,N/A,N/A,N/A,N/A,N/A,N/A,N/A,N/A,N/A
CEOC11,Investidores em Geral,Tijolo:Lajes Corporativas,BTG PACTUAL SERVIÇOS FINANCEIROS S/A DTVM,"0,47","1,01",15/01/2024,08/01/2024,"0,56","1,20","78,46","0,65",2,N/A,4.974,"132.301.201,68","46,71"
CFHI11,Investidor Qualificado,Fundo Misto:Fundo de Desenvolvimento,VORTX DISTRIBUIDORA DE TITULOS E VALORES MOBILIARIOS LTDA.,"3,65",N/A,22/01/2024,28/12/2023,"2,33",N/A,"622,62","1,29",7,N/A,54,"58.731.783,25",N/A
CFII11,Investidor Qualificado,Fundo Misto:Indefinido,SOCOPA SOCIEDADE CORRETORA PAULISTA SA,"64,60",N/A,16/01/2024,08/01/2024,"5,38",N/A,"1.034,59","0,99",1,N/A,59,"101.730.077,76",N/A
CIXM11,Investidor Qualificado,Fundos Imobiliários:,ID CORRETORA DE TÍTULOS E VALORES MOBILIÁRIOS S.A.,"0,12",N/A,19/01/2024,12/01/2024,"0,01",N/A,"10,00",N/A,N/A,N/A,56,"61.295.767,67",N/A
CIXR11,N/A,N/A,N/A,N/A,N/A,N/A,N/A,N/A,N/A,N/A,N/A,N/A,N/A,N/A,N/A,N/A
CJCT11,Investidor Qualificado,Tijolo:Lajes Corporativas,HEDGE INVESTMENTS DISTRIBUIDORA DE TÍTULOS E VALORES MOBILIÁRIOS LTDA.,"0,49","0,70",15/01/2024,28/12/2023,"0,11","0,16","66,05","0,94",276,N/A,1.073,"225.553.931,67","70,00"
CJFI11,N/A,N/A,N/A,N/A,N/A,N/A,N/A,N/A,N/A,N/A,N/A,N/A,N/A,N/A,N/A,N/A
CLIN11,Investidor Profissional,Sem categoria:,BTG PACTUAL SERVIÇOS FINANCEIROS S/A DTVM,"1,01","1,05",16/01/2024,09/01/2024,"0,08","0,09",N/A,"0,94",13,N/A,8.664,"433.500.870,60","96,02"
CNES11,Investidores em Geral,Tijolo:Lajes Corporativas,BTG PACTUAL SERVIÇOS FINANCEIROS S/A DTVM,"0,07","0,31",30/01/2024,23/01/2024,"0,08","0,35","89,51","0,28",306,N/A,1.649,"263.999.949,63","24,00"
COPP11,Investidor Qualificado,Tijolo:Lajes Corporativas,BTG PACTUAL SERVIÇOS FINANCEIROS S/A DTVM,"0,75",N/A,22/12/2023,15/12/2023,"0,06",N/A,"104,91","0,92",19,N/A,3,"193.499.242,46",N/A
CORM11,N/A,N/A,N/A,N/A,N/A,N/A,N/A,N/A,N/A,N/A,N/A,N/A,N/A,N/A,N/A,N/A
CPFF11,Investidores em Geral,Papel:Fundo de Fundos,BTG PACTUAL SERVIÇOS FINANCEIROS S/A DTVM,"0,48","0,63",17/01/2024,09/01/2024,"0,56","0,73","82,37","0,91",11,"0,16",9.572,"213.938.953,84","75,97"
CPFO11,Investidores em Geral,Papel:Fundo de Fundos,BTG PACTUAL SERVIÇOS FINANCEIROS S/A DTVM,"31,42",N/A,29/09/2023,22/09/2023,"5,62",N/A,"31,93",N/A,N/A,N/A,528,"90.509.108,49",N/A
CPOF11,Investidor Qualificado,Fundos Imobiliários:,BTG PACTUAL SERVIÇOS FINANCEIROS S/A DTVM,"0,75",N/A,23/01/2024,16/01/2024,"0,06",N/A,"111,54","0,92",N/A,N/A,3,"193.499.242,46",N/A
CPSH11,Investidores em Geral,Fundo Misto:Indefinido,BTG PACTUAL SERVIÇOS FINANCEIROS S/A DTVM,"1,10","0,99",24/01/2024,17/01/2024,"0,60","0,54","115,21","0,94",2,N/A,383,"502.688.426,89","110,68"
CPTR11,Investidores em Geral,Fiagro:Fiagro,BTG PACTUAL SERVIÇOS FINANCEIROS S/A DTVM,"0,12","1,22",18/01/2024,11/01/2024,"0,12","1,32","9,78","0,92",124,N/A,28.700,"406.009.221,14","9,39"
CPTS11,Investidores em Geral,Papel:Papéis,BTG PACTUAL SERVIÇOS FINANCEIROS S/A DTVM,"0,07","0,76",18/01/2024,11/01/2024,"0,07","0,86","9,04","0,92",622,"2,13",311.604,"2.908.951.684,03","8,53"
CRAA11,Investidores em Geral,Fiagro:,BTG PACTUAL SERVIÇOS FINANCEIROS S/A DTVM,"1,15","1,15",15/01/2024,08/01/2024,"1,14","1,14","101,40","0,98",3,N/A,1.840,"50.386.841,35","100,36"
CRFF11,Investidores em Geral,Papel:Fundo de Fundos,CAIXA ECONOMICA FEDERAL,"0,65","0,84",11/01/2024,02/01/2024,"0,63","0,81","88,58","0,89",224,N/A,1.479,"62.990.264,18","77,59"
CSMC11,Investidor Profissional,Fundo Misto:Indefinido,BRL TRUST DISTRIBUIDORA DE TITULOS E VALORES MOBILIARIOS S.A.,"18,41",N/A,29/01/2024,19/01/2024,"3,26",N/A,"1.051,34",N/A,N/A,N/A,1,"660.936.311,51",N/A
CTNP11,N/A,N/A,N/A,N/A,N/A,N/A,N/A,N/A,N/A,N/A,N/A,N/A,N/A,N/A,N/A,N/A
CTXT11,Investidores em Geral,Tijolo:Lajes Corporativas,RIO BRAVO INVESTIMENTOS - DISTRIBUIDORA DE TITULOS E VALORES MOBILIARIOS LTDA,"0,01","0,04",16/07/2021,08/07/2021,"0,03","0,14","39,92","0,36",289,N/A,2.769,"105.595.645,46","23,22"
CVBI11,Investidores em Geral,Papel:Papéis,BRL TRUST DISTRIBUIDORA DE TITULOS E VALORES MOBILIARIOS S.A.,"0,85","0,90",16/01/2024,09/01/2024,"0,93","0,99","95,90","0,95",103,"0,81",88.456,"1.068.135.449,49","94,20"
CVPR11,Investidor Profissional,Fundo Misto:Indefinido,BTG PACTUAL SERVIÇOS FINANCEIROS S/A DTVM,"0,90",N/A,25/01/2024,18/01/2024,"0,94",N/A,"100,19",N/A,N/A,N/A,2,"14.026.241,52",N/A
CXAG11,Investidores em Geral,Tijolo:Agências de Bancos,OLIVEIRA TRUST DTVM S.A.,"0,77","0,95",15/01/2024,28/12/2023,"0,74","0,91","115,65","0,71",2,N/A,12.183,"241.461.462,50","81,02"
CXCE11B,Investidores em Geral,Tijolo:Lajes Corporativas,CAIXA ECONOMICA FEDERAL,"0,43","0,96",15/01/2024,28/12/2023,"0,41","0,92","65,32","0,71",604,N/A,3.650,"110.126.544,08","44,50"
CXCI11,Investidores em Geral,Fundo Misto:Indefinido,CAIXA ECONOMICA FEDERAL,"0,85","0,98",15/01/2024,08/01/2024,"0,84","0,97","93,69","0,90",2,N/A,5.352,"195.511.370,33","86,59"
CXCO11,Investidores em Geral,Tijolo:Lajes Corporativas,VORTX DISTRIBUIDORA DE TITULOS E VALORES MOBILIARIOS LTDA.,"0,73","0,91",15/01/2024,28/12/2023,"0,78","0,98","99,31","0,79",3,N/A,14.235,"399.921.808,64","80,12"
CXRI11,Investidores em Geral,Papel:Fundo de Fundos,CAIXA ECONOMICA FEDERAL,"0,59","0,74",11/01/2024,02/01/2024,"0,57","0,72","89,72","0,88",638,N/A,2.235,"146.175.478,18","80,00"
CXTL11,Investidores em Geral,Tijolo:Imóveis Industriais e Logísticos,CAIXA ECONOMICA FEDERAL,"2,10","0,86",15/01/2024,28/12/2023,"5,80","2,38","416,57","0,63",92,N/A,700,"22.391.404,97","244,00"
CYCR11,Investidores em Geral,Fundo Misto:Indefinido,PLURAL S.A. BANCO MÚLTIPLO,"0,11","1,12",15/01/2024,28/12/2023,"0,10","1,04","9,77","0,97",20,"0,12",14.469,"162.093.128,59","9,78"
CYLD11,N/A,N/A,N/A,N/A,N/A,N/A,N/A,N/A,N/A,N/A,N/A,N/A,N/A,N/A,N/A,N/A
DAMT11B,Investidores em Geral,Tijolo:Shoppings,BTG PACTUAL SERVIÇOS FINANCEIROS S/A DTVM,"0,04","0,33",08/01/2024,28/12/2023,"0,08","0,63","13,15","1,05",991,N/A,573,"160.639.640,19","12,99"
DCRA11,Investidores em Geral,Fiagro:Fiagro,BANCO DAYCOVAL S.A.,"0,11","1,20",15/01/2024,08/01/2024,"0,12","1,29","9,59","0,92",17,N/A,19.189,"64.847.141,77","9,15"
DEVA11,Investidores em Geral,Papel:Papéis,VORTX DISTRIBUIDORA DE TITULOS E VALORES MOBILIARIOS LTDA.,"0,42","0,98",15/01/2024,08/01/2024,"0,64","1,50","98,18","0,40",60,"0,45",124.070,"1.407.861.794,96","42,66"
DLMT11,Investidores em Geral,Tijolo:Varejo,PLANNER TRUSTEE DISTRIBUIDORA DE TÍTULOS E VALORES MOBILIÁRIOS LTDA.,"0,01",N/A,15/01/2024,05/01/2024,"0,01",N/A,"0,64",N/A,N/A,N/A,9,"8.515.221,84",N/A
DMAC11,Investidor Qualificado,Tijolo:Fundo de Desenvolvimento,OLIVEIRA TRUST DTVM S.A.,"4,89",N/A,22/12/2021,15/12/2021,"3,34",N/A,N/A,"2,61",N/A,N/A,2.352,"778.257,90",N/A
DOMC11,N/A,N/A,N/A,N/A,N/A,N/A,N/A,N/A,N/A,N/A,N/A,N/A,N/A,N/A,N/A,N/A
DOVL11B,Investidor Qualificado,Tijolo:Lajes Corporativas,BRL TRUST DISTRIBUIDORA DE TITULOS E VALORES MOBILIARIOS S.A.,"0,48",N/A,23/01/2024,16/01/2024,"8,54",N/A,"815,25","1,47",2,N/A,60,"54.137.457,46",N/A
DPRO11,Investidores em Geral,Fundo Misto:Indefinido,BANCO DAYCOVAL S.A.,"0,05","0,61",15/01/2024,08/01/2024,"0,65","7,95","9,40","0,87",2,N/A,562,"45.958.526,45","8,16"
DRIT11B,Investidores em Geral,Tijolo:Lajes Corporativas,BANCO DAYCOVAL S.A.,"1,75",N/A,15/01/2024,05/01/2024,"0,66",N/A,"132,78","0,62",15,N/A,345,"62.260.570,74",N/A
DVFF11,Investidores em Geral,Papel:Fundo de Fundos,BANCO DAYCOVAL S.A.,"0,08","0,90",15/01/2024,08/01/2024,"0,07","0,90","9,28","0,89",12,N/A,1.208,"103.146.427,25","8,30"
EDFO11B,Investidores em Geral,Tijolo:Lajes Corporativas,OLIVEIRA TRUST DTVM S.A.,"1,69",N/A,10/01/2024,28/12/2023,"1,73",N/A,"180,67","1,03",54,N/A,529,"52.707.708,14",N/A
EDGA11,Investidores em Geral,Tijolo:Lajes Corporativas,BTG PACTUAL SERVIÇOS FINANCEIROS S/A DTVM,"0,07","0,34",31/01/2024,24/01/2024,"0,09","0,44","62,70","0,32",988,N/A,5.148,"239.016.846,06","21,07"
EGAF11,Investidores em Geral,Fiagro:Fiagro,VORTX DISTRIBUIDORA DE TITULOS E VALORES MOBILIARIOS LTDA.,"1,18","1,19",15/01/2024,08/01/2024,"1,35","1,36","98,73","0,97",18,N/A,12.574,"309.415.361,94","99,15"
EGYR11,N/A,N/A,N/A,N/A,N/A,N/A,N/A,N/A,N/A,N/A,N/A,N/A,N/A,N/A,N/A,N/A
ELDO11B,Investidores em Geral,Tijolo:Shoppings,RIO BRAVO INVESTIMENTOS - DISTRIBUIDORA DE TITULOS E VALORES MOBILIARIOS LTDA,"12,00",N/A,22/01/2024,12/01/2024,"3,20",N/A,"1.440,67","0,47",N/A,N/A,63,"1.278.629.207,99",N/A
EQIN11,N/A,N/A,N/A,N/A,N/A,N/A,N/A,N/A,N/A,N/A,N/A,N/A,N/A,N/A,N/A,N/A
EQIR11,Investidores em Geral,Fundo Misto:Indefinido,BTG PACTUAL SERVIÇOS FINANCEIROS S/A DTVM,"0,10","1,03",25/01/2024,18/01/2024,"0,11","1,12","10,01","0,95",10,N/A,11.036,"109.220.422,65","9,71"
ERCR11,Investidor Profissional,Tijolo:Varejo,OLIVEIRA TRUST DTVM S.A.,"4.104,11",N/A,24/01/2024,17/01/2024,"2.183,62",N/A,"40.034,37","1,90",N/A,N/A,11,"95.121.654,28",N/A
ERPA11,Investidor Qualificado,Tijolo:Lajes Corporativas,OLIVEIRA TRUST DTVM S.A.,"0,72",N/A,15/01/2024,08/01/2024,"0,71",N/A,"137,18","0,83",34,N/A,390,"70.940.195,61",N/A
ESTQ11,N/A,N/A,N/A,N/A,N/A,N/A,N/A,N/A,N/A,N/A,N/A,N/A,N/A,N/A,N/A,N/A
EURO11,Investidores em Geral,Tijolo:Imóveis Industriais e Logísticos,COINVALORES CCVM LTDA,"1,88","0,75",15/01/2024,28/12/2023,"1,86","0,74","325,45","0,76",1,N/A,2.359,"129.621.705,03","250,00"
EVBI11,Investidores em Geral,Fundo Misto:Misto,BTG PACTUAL SERVIÇOS FINANCEIROS S/A DTVM,"0,75","0,76",08/01/2024,28/12/2023,"0,76","0,77","99,15","1,01",520,N/A,1.017,"235.321.427,84","99,24"
EXES11,Investidor Qualificado,Fundo Misto:Indefinido,BTG PACTUAL SERVIÇOS FINANCEIROS S/A DTVM,"0,77",N/A,25/01/2024,18/01/2024,"0,80",N/A,"91,33","0,97",12,N/A,58,"53.615.156,09",N/A
FAED11,Investidores em Geral,Tijolo:Educacional,BTG PACTUAL SERVIÇOS FINANCEIROS S/A DTVM,"1,46","0,93",15/01/2024,08/01/2024,"1,53","0,97","219,10","0,67",838,N/A,4.642,"143.802.917,13","157,91"
FAGL11,N/A,N/A,N/A,N/A,N/A,N/A,N/A,N/A,N/A,N/A,N/A,N/A,N/A,N/A,N/A,N/A
FAMB11B,Investidores em Geral,Tijolo:Lajes Corporativas,BTG PACTUAL SERVIÇOS FINANCEIROS S/A DTVM,"9,16","0,56",13/11/2020,30/10/2020,"27,10","1,64","3.054,32","0,33",550,N/A,2.535,"262.875.470,32","1.650,01"
FAOE11,N/A,N/A,N/A,N/A,N/A,N/A,N/A,N/A,N/A,N/A,N/A,N/A,N/A,N/A,N/A,N/A
FARU11,N/A,N/A,N/A,N/A,N/A,N/A,N/A,N/A,N/A,N/A,N/A,N/A,N/A,N/A,N/A,N/A
FATN11,Investidores em Geral,Tijolo:Lajes Corporativas,BR-CAPITAL DTVM S.A.,"0,85","0,92",15/01/2024,05/01/2024,"0,84","0,90","99,28","0,89",12,N/A,4.187,"288.825.085,82","92,80"
FCFL11,Investidores em Geral,Tijolo:Educacional,BTG PACTUAL SERVIÇOS FINANCEIROS S/A DTVM,"0,83","0,71",25/01/2024,18/01/2024,"0,82","0,70","121,95","0,95",6,N/A,3.510,"423.658.623,44","116,75"
FEXC11,Investidores em Geral,Papel:Papéis,BTG PACTUAL SERVIÇOS FINANCEIROS S/A DTVM,"0,11","0,13",13/01/2023,06/01/2023,"0,11","0,14","90,75","0,10",81.946,"0,83",36.232,"1.001.470.167,13","80,60"
FGAA11,Investidores em Geral,Fiagro:Fiagro,BRL TRUST DISTRIBUIDORA DE TITULOS E VALORES MOBILIARIOS S.A.,"0,11","1,16",15/01/2024,08/01/2024,"0,13","1,34","9,58","0,96",151,N/A,46.434,"431.874.013,77","9,45"
FGPM11,N/A,N/A,N/A,N/A,N/A,N/A,N/A,N/A,N/A,N/A,N/A,N/A,N/A,N/A,N/A,N/A
FIGS11,Investidores em Geral,Tijolo:Shoppings,HEDGE INVESTMENTS DISTRIBUIDORA DE TÍTULOS E VALORES MOBILIÁRIOS LTDA.,"0,45","0,74",15/01/2024,28/12/2023,"0,45","0,74","76,28","0,75",4,N/A,14.601,"231.806.292,88","61,21"
FIIB11,Investidores em Geral,Tijolo:Imóveis Industriais e Logísticos,COINVALORES CCVM LTDA,"3,65","0,70",10/01/2024,28/12/2023,"3,48","0,67","461,58","1,11",3,"0,29",16.505,"323.560.769,09","519,15"
FIIP11B,Investidores em Geral,Tijolo:Imóveis Industriais e Logísticos,OLIVEIRA TRUST DTVM S.A.,"1,44","0,83",15/01/2024,28/12/2023,"1,40","0,81","203,43","0,88",1,N/A,7.552,"188.690.525,43","174,20"
FINF11,Investidor Qualificado,Tijolo:Imóveis Industriais e Logísticos,PLANNER TRUSTEE DISTRIBUIDORA DE TÍTULOS E VALORES MOBILIÁRIOS LTDA.,"0,29",N/A,15/01/2024,28/12/2023,"0,28",N/A,"39,95",N/A,N/A,N/A,4,"33.149.297,92",N/A
FISC11,Investidores em Geral,Tijolo:Lajes Corporativas,BR-CAPITAL DTVM S.A.,"0,29","0,45",15/01/2024,05/01/2024,"0,40","0,62","114,81","0,54",138,N/A,110,"204.374.810,55","64,00"
FISD11,Investidor Qualificado e Profissional,Papel:Papéis,RJI CORRETORA DE TÍTULOS E VALORES MOBILIÁRIOS LTDA,"0,47",N/A,06/12/2023,30/11/2023,"1,13",N/A,"60,61",N/A,N/A,N/A,23,"64.225.072,21",N/A
FIVN11,N/A,N/A,N/A,N/A,N/A,N/A,N/A,N/A,N/A,N/A,N/A,N/A,N/A,N/A,N/A,N/A
FIXX11,N/A,N/A,N/A,N/A,N/A,N/A,N/A,N/A,N/A,N/A,N/A,N/A,N/A,N/A,N/A,N/A
FLCR11,Investidores em Geral,Papel:Papéis,BRL TRUST DISTRIBUIDORA DE TITULOS E VALORES MOBILIARIOS S.A.,"1,13","1,15",15/01/2024,08/01/2024,"1,12","1,14","97,79","1,00",930,N/A,2.724,"62.438.523,24","98,40"
FLEM11,N/A,N/A,N/A,N/A,N/A,N/A,N/A,N/A,N/A,N/A,N/A,N/A,N/A,N/A,N/A,N/A
FLFL11,N/A,N/A,N/A,N/A,N/A,N/A,N/A,N/A,N/A,N/A,N/A,N/A,N/A,N/A,N/A,N/A
FLMA11,Investidores em Geral,Tijolo:Lajes Corporativas,BR-CAPITAL DTVM S.A.,"0,99","0,70",15/01/2024,05/01/2024,"0,92","0,65","160,37","0,65",3,N/A,14.793,"299.102.183,65","141,50"
FLRP11,Investidores em Geral,Tijolo:Shoppings,HEDGE INVESTMENTS DISTRIBUIDORA DE TÍTULOS E VALORES MOBILIÁRIOS LTDA.,"13,50","0,68",15/01/2024,28/12/2023,"13,75","0,69","1.824,89","0,92",728,N/A,798,"150.815.070,01","2.000,00"
FMOF11,Investidores em Geral,Tijolo:Lajes Corporativas,COINVALORES CCVM LTDA,"0,46",N/A,15/01/2024,28/12/2023,"0,05",N/A,"119,01","0,51",17,N/A,261,"59.337.504,93",N/A
FPAB11,Investidores em Geral,Tijolo:Lajes Corporativas,BTG PACTUAL SERVIÇOS FINANCEIROS S/A DTVM,"0,90","0,45",15/01/2024,28/12/2023,"1,57","0,79","374,18","0,53",66,N/A,914,"255.064.298,29","200,00"
FPNG11,Investidores em Geral,Tijolo:Lajes Corporativas,BR-CAPITAL DTVM S.A.,"0,34",N/A,15/01/2024,05/01/2024,"0,59",N/A,"160,95","0,49",2,N/A,68,"349.106.505,16",N/A
FRHY11,Investidores em Geral,Fundo Misto:Indefinido,BANCO DAYCOVAL S.A.,"1,03",N/A,07/02/2023,31/01/2023,"0,09",N/A,"99,53",N/A,N/A,N/A,7,"5.391.293,46",N/A
FTCE11B,Investidor Qualificado,Fundo Misto:Misto,BRL TRUST DISTRIBUIDORA DE TITULOS E VALORES MOBILIARIOS S.A.,"112,96",N/A,18/08/2023,01/08/2023,"16,59",N/A,"2.832,50","1,04",1,N/A,112,"2.847.643.018,92",N/A
FVBI11,N/A,N/A,N/A,N/A,N/A,N/A,N/A,N/A,N/A,N/A,N/A,N/A,N/A,N/A,N/A,N/A
FVPQ11,Investidores em Geral,Tijolo:Shoppings,RIO BRAVO INVESTIMENTOS - DISTRIBUIDORA DE TITULOS E VALORES MOBILIARIOS LTDA,"0,45","0,39",09/01/2024,28/12/2023,"0,99","0,87","191,97","0,54",3,N/A,3.982,"538.246.777,78","114,00"
FZDA11,Investidor Profissional,Fiagro:Fiagro,XP INVESTIMENTOS CCTVM S.A.,"2,26","1,90",08/05/2023,28/04/2023,"0,19","0,16","99,24","0,55",259,N/A,483,"345.296.358,27","119,00"
FZDB11,N/A,N/A,N/A,N/A,N/A,N/A,N/A,N/A,N/A,N/A,N/A,N/A,N/A,N/A,N/A,N/A
GALG11,Investidores em Geral,Tijolo:Imóveis Industriais e Logísticos,BRL TRUST DISTRIBUIDORA DE TITULOS E VALORES MOBILIARIOS S.A.,"0,08","0,90",08/01/2024,28/12/2023,"0,08","0,89","9,10","0,91",233,"0,91",116.119,"571.710.255,09","9,34"
GAME11,Investidores em Geral,Fundo Misto:Indefinido,BANCO DAYCOVAL S.A.,"0,10","1,07",22/01/2024,10/01/2024,"0,10","1,07","9,79","0,93",18,N/A,24.224,"213.792.004,54","9,37"
GCFF11,Investidores em Geral,Papel:Fundo de Fundos,BTG PACTUAL SERVIÇOS FINANCEIROS S/A DTVM,"3,07",N/A,07/08/2023,31/07/2023,"0,50",N/A,"77,51","0,89",842,N/A,1.759,"27.939.468,78",N/A
GCOI11,Investidores em Geral,Fundo Misto:Indefinido,SOCOPA SOCIEDADE CORRETORA PAULISTA SA,"0,81",N/A,14/07/2023,07/07/2023,"0,07",N/A,"98,61","1,02",2,N/A,356,"10.980.821,23",N/A
GCRA11,Investidores em Geral,Fiagro:Fiagro,SINGULARE CORRETORA DE TITULOS E VALORES MOBILIARIOS S.A.,"1,00","1,29",15/01/2024,08/01/2024,"1,14","1,48","98,28","0,75",13,N/A,7.589,"171.893.428,38","77,46"
GCRI11,Investidores em Geral,Papel:Papéis,BTG PACTUAL SERVIÇOS FINANCEIROS S/A DTVM,"0,95","1,07",19/01/2024,12/01/2024,"1,02","1,15","94,96","0,93",4,N/A,4.882,"137.628.662,25","88,99"
GESE11B,Investidor Qualificado e Profissional,Tijolo:Educacional,BTG PACTUAL SERVIÇOS FINANCEIROS S/A DTVM,"1.112,72",N/A,22/12/2023,15/12/2023,"200,88",N/A,"1.119,08","1,36",N/A,N/A,56,"58.192.036,94",N/A
GGRC11,Investidores em Geral,Tijolo:Imóveis Industriais e Logísticos,CM CAPITAL MARKETS DTVM LTDA,"0,90","0,79",09/01/2024,02/01/2024,"0,97","0,85","113,34","1,02",41,"0,82",106.576,"1.020.958.046,22","113,51"
GLOG11,Investidores em Geral,Sem categoria:,PLURAL S.A. BANCO MÚLTIPLO,"0,63","0,95",15/01/2024,28/12/2023,"0,66","1,00","106,52","0,61",2,N/A,3.036,"81.815.284,46","66,00"
GRLV11,N/A,N/A,N/A,N/A,N/A,N/A,N/A,N/A,N/A,N/A,N/A,N/A,N/A,N/A,N/A,N/A
GRWA11,Investidores em Geral,Fiagro:,BANCO DAYCOVAL S.A.,"0,14","1,18",15/01/2024,08/01/2024,"0,11","0,93","10,18","1,15",2,N/A,2.025,"12.854.800,05","11,84"
GSFI11,N/A,N/A,N/A,N/A,N/A,N/A,N/A,N/A,N/A,N/A,N/A,N/A,N/A,N/A,N/A,N/A
GTLG11,Investidores em Geral,Tijolo:Imóveis Industriais e Logísticos,BRL TRUST DISTRIBUIDORA DE TITULOS E VALORES MOBILIARIOS S.A.,"60,62",N/A,04/09/2023,28/08/2023,"8,07",N/A,"91,71","1,06",321,N/A,341,"434.811.690,70",N/A
GTWR11,Investidores em Geral,Tijolo:Lajes Corporativas,VOTORANTIM ASSET MANAGEMENT DTVM LTDA.,"0,79","0,91",15/01/2024,28/12/2023,"0,79","0,91","95,14","0,86",42,"0,83",34.459,"1.213.089.085,34","87,09"
GURB11,Investidores em Geral,Fundo Misto:Indefinido,RJI CORRETORA DE TÍTULOS E VALORES MOBILIÁRIOS LTDA,"0,70","0,65",15/01/2024,28/12/2023,"0,48","0,44","111,23","0,97",10,N/A,21,"126.319.662,38","108,00"
GVBI11,N/A,N/A,N/A,N/A,N/A,N/A,N/A,N/A,N/A,N/A,N/A,N/A,N/A,N/A,N/A,N/A
GZIT11,Investidor Qualificado,Fundo Misto:Indefinido,BTG PACTUAL SERVIÇOS FINANCEIROS S/A DTVM,"0,63",N/A,31/01/2024,24/01/2024,"0,08",N/A,"95,92",N/A,N/A,N/A,1,"2.094.963.652,13",N/A
HAAA11,Investidores em Geral,Tijolo:Lajes Corporativas,HEDGE INVESTMENTS DISTRIBUIDORA DE TÍTULOS E VALORES MOBILIÁRIOS LTDA.,"0,37","0,72",15/01/2024,28/12/2023,"0,37","0,73","80,56","0,55",94,N/A,310,"276.171.447,33","51,49"
HABT11,Investidores em Geral,Papel:Papéis,VORTX DISTRIBUIDORA DE TITULOS E VALORES MOBILIARIOS LTDA.,"0,98","1,08",12/01/2024,28/12/2023,"1,13","1,24","97,88","0,92",54,"0,58",70.267,"800.986.465,92","91,00"
HBCR11,Investidores em Geral,Fundo Misto:Indefinido,PLURAL S.A. BANCO MÚLTIPLO,"0,69","0,58",15/01/2024,28/12/2023,"0,60","0,51","119,38","0,98",13,N/A,44,"137.023.129,32","117,39"
HBRH11,Investidores em Geral,Tijolo:Lajes Corporativas,BRL TRUST DISTRIBUIDORA DE TITULOS E VALORES MOBILIARIOS S.A.,"0,66","0,71",15/01/2024,28/12/2023,"0,55","0,60","111,96","0,83",425,N/A,951,"309.724.739,52","92,48"
HBTT11,Investidores em Geral,Papel:Papéis,VORTX DISTRIBUIDORA DE TITULOS E VALORES MOBILIARIOS LTDA.,"16,58","1,57",15/10/2020,30/09/2020,"10,88","1,03",N/A,N/A,N/A,N/A,N/A,N/A,"1.055,00"
HCHG11,Investidores em Geral,Papel:Papéis,VORTX DISTRIBUIDORA DE TITULOS E VALORES MOBILIARIOS LTDA.,"0,69","0,86",15/01/2024,28/12/2023,"0,83","1,04","97,76","0,76",1,N/A,977,"120.264.305,17","80,00"
HCPR11,N/A,N/A,N/A,N/A,N/A,N/A,N/A,N/A,N/A,N/A,N/A,N/A,N/A,N/A,N/A,N/A
HCRA11,N/A,Fiagro:,N/A,"1,06","1,03",15/01/2024,08/01/2024,"1,23","1,19",N/A,N/A,N/A,N/A,0,N/A,"103,01"
HCRI11,Investidores em Geral,Tijolo:Hospitalar,BTG PACTUAL SERVIÇOS FINANCEIROS S/A DTVM,"3,42","1,12",19/01/2024,12/01/2024,"2,76","0,91","312,06","0,96",758,N/A,3.230,"63.737.620,04","304,78"
HCST11,N/A,N/A,N/A,N/A,N/A,N/A,N/A,N/A,N/A,N/A,N/A,N/A,N/A,N/A,N/A,N/A
HCTR11,Investidores em Geral,Papel:Papéis,VORTX DISTRIBUIDORA DE TITULOS E VALORES MOBILIARIOS LTDA.,"0,35","0,91",15/01/2024,08/01/2024,"0,47","1,22","114,32","0,32",56,"0,65",190.582,"2.571.174.509,88","38,65"
HDEL11,Investidor Qualificado,Tijolo:Imóveis Industriais e Logísticos,HEDGE INVESTMENTS DISTRIBUIDORA DE TÍTULOS E VALORES MOBILIÁRIOS LTDA.,"5,95",N/A,15/01/2024,28/12/2023,"1,12",N/A,"92,43","1,27",1,N/A,61,"71.230.397,08",N/A
HDOF11,N/A,N/A,N/A,N/A,N/A,N/A,N/A,N/A,N/A,N/A,N/A,N/A,N/A,N/A,N/A,N/A
HFOF11,Investidores em Geral,Papel:Fundo de Fundos,HEDGE INVESTMENTS DISTRIBUIDORA DE TÍTULOS E VALORES MOBILIÁRIOS LTDA.,"0,63","0,79",15/01/2024,28/12/2023,"0,63","0,79","79,52","0,95",91,"1,43",77.365,"1.885.956.205,81","80,00"
HGAG11,Investidor Profissional,Fiagro:Fiagro,VORTX DISTRIBUIDORA DE TITULOS E VALORES MOBILIARIOS LTDA.,"0,33","1,40",08/01/2024,28/12/2023,"0,32","1,34","23,69","1,07",2,N/A,1.409,"5.904.259,18","23,50"
HGBS11,Investidores em Geral,Tijolo:Shoppings,HEDGE INVESTMENTS DISTRIBUIDORA DE TÍTULOS E VALORES MOBILIÁRIOS LTDA.,"2,00","0,87",15/01/2024,28/12/2023,"1,68","0,73","224,62","0,98",91,"2,28",105.410,"2.947.185.782,33","230,75"
HGCR11,Investidores em Geral,Papel:Papéis,CREDIT SUISSE HEDGING-GRIFFO CORRETORA DE VALORES S.A.,"1,00","0,95",15/01/2024,28/12/2023,"1,13","1,07","101,88","1,03",95,"1,30",103.639,"1.578.631.504,92","105,12"
HGFF11,Investidores em Geral,Papel:Fundo de Fundos,CREDIT SUISSE HEDGING-GRIFFO CORRETORA DE VALORES S.A.,"0,70","0,80",15/01/2024,28/12/2023,"0,67","0,76","91,67","0,96",36,"0,21",16.973,"269.150.736,82","87,95"
HGIC11,Investidores em Geral,Papel:Papéis,BTG PACTUAL SERVIÇOS FINANCEIROS S/A DTVM,"1,02","0,96",11/01/2024,03/01/2024,"0,99","0,94","119,92","0,89",290,N/A,364,"54.474.179,06","105,50"
HGLG11,Investidores em Geral,Tijolo:Imóveis Industriais e Logísticos,CREDIT SUISSE HEDGING-GRIFFO CORRETORA DE VALORES S.A.,"1,10","0,68",15/01/2024,28/12/2023,"1,13","0,70","152,83","1,03",240,"4,38",441.076,"5.346.515.836,24","161,99"
HGPO11,Investidores em Geral,Tijolo:Lajes Corporativas,CREDIT SUISSE HEDGING-GRIFFO CORRETORA DE VALORES S.A.,"1,50","0,53",15/01/2024,28/12/2023,"1,57","0,55","298,84","0,93",14,"0,40",18.584,"541.043.026,56","282,99"
HGRE11,Investidores em Geral,Tijolo:Lajes Corporativas,CREDIT SUISSE HEDGING-GRIFFO CORRETORA DE VALORES S.A.,"1,20","0,90",15/01/2024,28/12/2023,"0,87","0,65","154,51","0,87",58,"1,24",148.156,"1.812.096.739,54","133,13"
HGRS11,Investidor Profissional,Tijolo:Imóveis Residenciais,CREDIT SUISSE HEDGING-GRIFFO CORRETORA DE VALORES S.A.,"1,15",N/A,16/11/2023,31/10/2023,"6,25",N/A,"40,81",N/A,N/A,N/A,6,"58.983.088,31",N/A
HGRU11,Investidores em Geral,Fundo Misto:Misto,CREDIT SUISSE HEDGING-GRIFFO CORRETORA DE VALORES S.A.,"2,30","1,64",15/01/2024,28/12/2023,"1,01","0,72","123,67","1,10",121,"2,03",207.752,"2.336.914.152,37","140,00"
HILG11,Investidor Qualificado,Fundo Misto:Indefinido,PLANNER TRUSTEE DISTRIBUIDORA DE TÍTULOS E VALORES MOBILIÁRIOS LTDA.,"2,67",N/A,15/01/2024,08/01/2024,"1,14",N/A,"182,57",N/A,N/A,N/A,50,"98.626.409,48",N/A
HLMB11,N/A,N/A,N/A,N/A,N/A,N/A,N/A,N/A,N/A,N/A,N/A,N/A,N/A,N/A,N/A,N/A
HLOG11,Investidores em Geral,Tijolo:Imóveis Industriais e Logísticos,HEDGE INVESTMENTS DISTRIBUIDORA DE TÍTULOS E VALORES MOBILIÁRIOS LTDA.,"0,65","0,76",15/01/2024,28/12/2023,"0,65","0,76","115,01","0,71",5,N/A,4.272,"496.904.714,99","85,80"
HMOC11,Investidor Qualificado,Outros:Indefinido,HEDGE INVESTMENTS DISTRIBUIDORA DE TÍTULOS E VALORES MOBILIÁRIOS LTDA.,"23,80",N/A,06/04/2021,30/03/2021,"12,22",N/A,N/A,"0,95",10,N/A,209,"91.223.530,50",N/A
HOFC11,Investidores em Geral,Tijolo:Lajes Corporativas,HEDGE INVESTMENTS DISTRIBUIDORA DE TÍTULOS E VALORES MOBILIÁRIOS LTDA.,"0,20","1,07",15/01/2024,28/12/2023,"0,19","1,03","89,22","0,27",5,"0,09",6.806,"262.820.636,26","18,69"
HOSI11,Investidores em Geral,Tijolo:Imóveis Residenciais,VORTX DISTRIBUIDORA DE TITULOS E VALORES MOBILIARIOS LTDA.,"1,20","1,33",08/01/2024,28/12/2023,"0,65","0,72","92,81","0,93",323,N/A,1.561,"52.759.078,81","90,40"
HPDP11,Investidores em Geral,Tijolo:Shoppings,HEDGE INVESTMENTS DISTRIBUIDORA DE TÍTULOS E VALORES MOBILIÁRIOS LTDA.,"0,53","0,60",15/01/2024,28/12/2023,"0,54","0,61","88,35","0,92",7,N/A,426,"314.496.064,47","88,07"
HRDF11,Investidor Qualificado,Fundo Misto:Fundo de Desenvolvimento,HEDGE INVESTMENTS DISTRIBUIDORA DE TÍTULOS E VALORES MOBILIÁRIOS LTDA.,"6,80",N/A,01/10/2019,30/09/2019,"0,57",N/A,"1,15","0,48",134,N/A,1.146,"12.118.823,02",N/A
HREC11,Investidores em Geral,Papel:Papéis,HEDGE INVESTMENTS DISTRIBUIDORA DE TÍTULOS E VALORES MOBILIÁRIOS LTDA.,"0,09","0,95",15/01/2024,28/12/2023,"0,09","0,97","91,95","0,94",9,N/A,2.022,"479.752.489,19","8,98"
HRES11,N/A,N/A,N/A,N/A,N/A,N/A,N/A,N/A,N/A,N/A,N/A,N/A,N/A,N/A,N/A,N/A
HSAF11,Investidores em Geral,Papel:Papéis,BRL TRUST DISTRIBUIDORA DE TITULOS E VALORES MOBILIARIOS S.A.,"0,75","0,87",08/01/2024,28/12/2023,"0,89","1,02","91,78","0,93",22,"0,17",10.740,"235.146.680,20","86,59"
HSLG11,Investidores em Geral,Tijolo:Imóveis Industriais e Logísticos,BRL TRUST DISTRIBUIDORA DE TITULOS E VALORES MOBILIARIOS S.A.,"0,74","0,75",15/01/2024,28/12/2023,"0,73","0,74","103,68","0,94",30,"0,98",36.510,"1.310.225.791,52","98,50"
HSML11,Investidores em Geral,Tijolo:Shoppings,SANTANDER SECURITIES SERVICES BRASIL DTVM S.A,"0,76","0,79",08/01/2024,28/12/2023,"0,74","0,76","94,34","1,01",76,"1,48",168.087,"1.498.265.450,61","96,75"
HSRE11,Investidores em Geral,Fundo Misto:Misto,BRL TRUST DISTRIBUIDORA DE TITULOS E VALORES MOBILIARIOS S.A.,"0,60","0,57",15/01/2024,28/12/2023,"0,62","0,58","93,55","1,13",105,N/A,241,"833.014.127,57","106,00"
HTMX11,Investidores em Geral,Tijolo:Hotéis,BTG PACTUAL SERVIÇOS FINANCEIROS S/A DTVM,"3,25","1,64",08/01/2024,28/12/2023,"2,08","1,05","129,55","1,20",39,"0,22",32.447,"228.667.211,92","198,00"
HUCG11,Investidores em Geral,Tijolo:Hospitalar,COINVALORES CCVM LTDA,"0,22","0,20",15/01/2024,28/12/2023,"0,27","0,25","103,81","0,91",146,N/A,226,"116.450.653,86","108,00"
HUSC11,Investidores em Geral,Tijolo:Hospitalar,RIO BRAVO INVESTIMENTOS - DISTRIBUIDORA DE TITULOS E VALORES MOBILIARIOS LTDA,"0,95",N/A,15/01/2024,28/12/2023,"0,90",N/A,"145,38","0,76",123,N/A,778,"128.956.704,56",N/A
HUSI11,Investidores em Geral,Tijolo:Hospitalar,PLANNER TRUSTEE DISTRIBUIDORA DE TÍTULOS E VALORES MOBILIÁRIOS LTDA.,"8,35","0,70",15/01/2024,28/12/2023,"8,27","0,69","1.112,77","0,93",10,N/A,89,"138.033.247,70","1.200,00"
IAAG11,Investidores em Geral,Fiagro:,INTER DISTRIBUIDORA DE TÍTULOS E VALORES MOBILIÁRIOS,"0,08","0,89",15/01/2024,28/12/2023,"0,04","0,44","9,65","0,94",2,N/A,1.563,"52.767.561,15","8,95"
IAGR11,Investidores em Geral,Fiagro:,BANCO DAYCOVAL S.A.,"0,05","1,09",15/01/2024,28/12/2023,"0,00","0,09","9,73","0,49",64,N/A,2.960,"27.100.886,15","4,12"
IBCR11,Investidores em Geral,Fundo Misto:Indefinido,BTG PACTUAL SERVIÇOS FINANCEIROS S/A DTVM,"1,00","1,21",17/01/2024,10/01/2024,"0,95","1,15","96,41","0,85",16,"0,06",4.055,"91.972.081,38","82,35"
IBFF11,Investidores em Geral,Papel:Fundo de Fundos,BTG PACTUAL SERVIÇOS FINANCEIROS S/A DTVM,"14,79",N/A,28/09/2022,16/09/2022,"6,13",N/A,"14,78","4,49",N/A,N/A,3.870,"9.855.905,16",N/A
ICNE11,Investidor Qualificado,Fundos Imobiliários:,OLIVEIRA TRUST DTVM S.A.,"1,79",N/A,25/01/2024,18/01/2024,"1,01",N/A,"998,83",N/A,N/A,N/A,5,"119.859.950,99",N/A
ICRI11,N/A,N/A,N/A,N/A,N/A,N/A,N/A,N/A,N/A,N/A,N/A,N/A,N/A,N/A,N/A,N/A
IDFI11,Investidor Profissional,Fundo Misto:Indefinido,ID CORRETORA DE TÍTULOS E VALORES MOBILIÁRIOS S.A.,"1,54","6,17",08/01/2024,28/12/2023,"1,48","5,92","30,34","0,73",264,N/A,387,"59.304.723,28","24,95"
IDGO11,N/A,N/A,N/A,N/A,N/A,N/A,N/A,N/A,N/A,N/A,N/A,N/A,N/A,N/A,N/A,N/A
IDGR11,Investidor Profissional,Outros:Indefinido,ID CORRETORA DE TÍTULOS E VALORES MOBILIÁRIOS S.A.,"1,30","10,23",08/01/2024,28/12/2023,"0,33","2,60","12,41","1,41",33,N/A,72,"9.377.705,50","12,74"
IDUA11,N/A,N/A,N/A,N/A,N/A,N/A,N/A,N/A,N/A,N/A,N/A,N/A,N/A,N/A,N/A,N/A
IFID11,N/A,N/A,N/A,N/A,N/A,N/A,N/A,N/A,N/A,N/A,N/A,N/A,N/A,N/A,N/A,N/A
IFIE11,N/A,N/A,N/A,N/A,N/A,N/A,N/A,N/A,N/A,N/A,N/A,N/A,N/A,N/A,N/A,N/A
INDE11,N/A,N/A,N/A,N/A,N/A,N/A,N/A,N/A,N/A,N/A,N/A,N/A,N/A,N/A,N/A,N/A
IRDM11,Investidores em Geral,Papel:Papéis,BTG PACTUAL SERVIÇOS FINANCEIROS S/A DTVM,"0,70","0,86",17/01/2024,10/01/2024,"0,83","1,02","87,27","0,89",148,"2,24",294.535,"3.183.351.109,54","81,14"
IRIM11,Investidores em Geral,Fundo Misto:Indefinido,BTG PACTUAL SERVIÇOS FINANCEIROS S/A DTVM,"0,74","0,87",17/01/2024,10/01/2024,"0,93","1,09","91,31","0,90",1,N/A,2.688,"175.249.718,23","85,28"
ISCJ11,Investidor Profissional,Fundos Imobiliários:,BRL TRUST DISTRIBUIDORA DE TITULOS E VALORES MOBILIARIOS S.A.,"1,20",N/A,31/01/2024,24/01/2024,"0,10",N/A,"224,30",N/A,N/A,N/A,39,"42.089.673,74",N/A
ITIP11,Investidores em Geral,Papel:Papéis,INTER DISTRIBUIDORA DE TÍTULOS E VALORES MOBILIÁRIOS,"0,65","0,85",15/01/2024,28/12/2023,"0,77","1,00","74,15","1,00",3,N/A,4.946,"57.399.134,73","76,76"
ITIT11,Investidores em Geral,Papel:Fundo de Fundos,INTER DISTRIBUIDORA DE TÍTULOS E VALORES MOBILIÁRIOS,"0,64","0,84",15/01/2024,28/12/2023,"0,60","0,78","84,55","0,90",5,N/A,10.129,"78.476.065,62","76,45"
ITRI11,N/A,N/A,N/A,N/A,N/A,N/A,N/A,N/A,N/A,N/A,N/A,N/A,N/A,N/A,N/A,N/A
JASC11,Investidores em Geral,Tijolo:Imóveis Comerciais - Outros,BTG PACTUAL SERVIÇOS FINANCEIROS S/A DTVM,"0,54",N/A,22/01/2024,15/01/2024,"0,50",N/A,"107,14","0,96",3,N/A,79,"356.935.255,60",N/A
JBFO11,Investidores em Geral,Fundo Misto:Indefinido,BEM - DISTRIBUIDORA DE TITULOS E VALORES MOBILIARIOS LTDA.,"0,62",N/A,15/01/2024,28/12/2023,"0,44",N/A,"82,90","1,04",1,N/A,364,"107.481.871,01",N/A
JCCJ11,Investidor Profissional,Sem categoria:,BTG PACTUAL SERVIÇOS FINANCEIROS S/A DTVM,"0,10","0,08",19/01/2024,12/01/2024,"0,09","0,07","173,75","0,72",2,N/A,155,"289.750.244,21","120,00"
JCDA11,N/A,N/A,N/A,N/A,N/A,N/A,N/A,N/A,N/A,N/A,N/A,N/A,N/A,N/A,N/A,N/A
JCDB11,N/A,N/A,N/A,N/A,N/A,N/A,N/A,N/A,N/A,N/A,N/A,N/A,N/A,N/A,N/A,N/A
JFLL11,Investidores em Geral,Tijolo:Imóveis Residenciais,PLURAL S.A. BANCO MÚLTIPLO,"0,62","0,83",15/01/2024,28/12/2023,"0,62","0,84","100,94","0,74",2,N/A,3.668,"156.421.539,84","74,30"
JGPX11,Investidores em Geral,Fiagro:Fiagro,BANCO DAYCOVAL S.A.,"0,95","1,03",15/01/2024,28/12/2023,"1,17","1,27","95,36","0,96",15,N/A,7.463,"204.635.960,19","92,21"
JPPA11,Investidores em Geral,Papel:Papéis,FINAXIS CORRETORA DE TÍTULOS E VALORES MOBILIÁRIOS S.A.,"1,04","1,10",15/01/2024,28/12/2023,"1,24","1,31","97,79","0,94",5,"0,08",8.961,"89.112.139,24","94,81"
JPPC11,Investidores em Geral,Fundo Misto:Fundo de Desenvolvimento,BANCO FINAXIS S.A.,"0,17",N/A,14/07/2022,30/06/2022,"0,60",N/A,"367,13","0,50",1,N/A,88,"22.074.244,04",N/A
JRDM11,Investidores em Geral,Tijolo:Shoppings,HEDGE INVESTMENTS DISTRIBUIDORA DE TÍTULOS E VALORES MOBILIÁRIOS LTDA.,"7,83",N/A,31/07/2023,26/07/2023,"7,56",N/A,"88,84","0,97",97,N/A,4.001,"224.143.181,16",N/A
JSAF11,Investidores em Geral,Fundo Misto:Indefinido,BANCO J. SAFRA S.A.,"1,00","0,99",15/01/2024,28/12/2023,"0,95","0,94","97,25","1,02",48,"0,28",13.831,"158.152.048,30","101,33"
JSRE11,Investidores em Geral,Fundo Misto:Misto,BANCO J. SAFRA S.A.,"0,46","0,61",15/01/2024,28/12/2023,"0,46","0,62","112,33","0,69",99,"1,24",104.781,"2.275.871.103,33","75,06"
JTPR11,Investidor Qualificado,Fundo Misto:Fundo de Desenvolvimento,PLANNER CORRETORA DE VALORES SA,"1,63",N/A,28/09/2020,31/08/2020,"0,38",N/A,"92,09","33,72",N/A,N/A,8,"16.026.468,39",N/A
KCRE11,Investidores em Geral,Fundo Misto:Indefinido,INTRAG DTVM LTDA.,"0,81","0,83",12/01/2024,28/12/2023,"0,97","0,99","102,01","0,96",12,"0,28",10.591,"372.503.556,80","97,96"
KDOL11,N/A,N/A,N/A,N/A,N/A,N/A,N/A,N/A,N/A,N/A,N/A,N/A,N/A,N/A,N/A,N/A
KEVE11,Investidor Qualificado,Fundo Misto:Fundo de Desenvolvimento,INTRAG DTVM LTDA.,"71,77","6,39",15/01/2024,28/12/2023,"11,74","1,05","929,14","1,32",2,N/A,483,"127.347.008,09","1.122,32"
KFOF11,Investidores em Geral,Papel:Fundo de Fundos,INTRAG DTVM LTDA.,"1,03","1,05",15/01/2024,28/12/2023,"0,80","0,82","95,67","1,02",27,"0,36",19.792,"444.309.562,27","97,87"
KINP11,Investidor Qualificado,Fundo Misto:Fundo de Desenvolvimento,INTRAG DTVM LTDA.,"2,90",N/A,28/04/2023,20/04/2023,"1,22",N/A,"3,69","2,66",363,N/A,1.932,"26.408.606,84",N/A
KISU11,Investidores em Geral,Papel:Fundo de Fundos,BRL TRUST DISTRIBUIDORA DE TITULOS E VALORES MOBILIARIOS S.A.,"0,08","0,92",15/01/2024,28/12/2023,"0,07","0,85","8,78","0,93",137,"0,29",132.161,"399.905.434,28","8,66"
KIVO11,Investidores em Geral,Papel:Papéis,BRL TRUST DISTRIBUIDORA DE TITULOS E VALORES MOBILIARIOS S.A.,"1,25","1,38",15/01/2024,28/12/2023,"1,30","1,43","91,84","1,04",26,N/A,4.590,"111.128.010,71","90,85"
KLOG11,N/A,N/A,N/A,N/A,N/A,N/A,N/A,N/A,N/A,N/A,N/A,N/A,N/A,N/A,N/A,N/A
KNCA11,Investidores em Geral,Fiagro:Fiagro,INTRAG DTVM LTDA.,"1,05","0,99",12/01/2024,28/12/2023,"1,18","1,11","103,07","1,02",72,N/A,59.022,"2.232.898.415,00","106,11"
KNCR11,Investidores em Geral,Papel:Papéis,INTRAG DTVM LTDA.,"1,01","0,97",12/01/2024,28/12/2023,"1,12","1,07","100,80","1,02",271,"4,66",310.216,"5.759.451.784,13","104,35"
KNHF11,Investidores em Geral,Fundo Misto:Indefinido,INTRAG DTVM LTDA.,"1,00","0,94",11/01/2024,28/12/2023,"0,41","0,39","101,20","1,02",13,N/A,13.087,"1.405.125.036,32","106,48"
KNHY11,Investidor Qualificado,Papel:Papéis,INTRAG DTVM LTDA.,"1,05","1,02",12/01/2024,28/12/2023,"1,08","1,04","102,46","1,03",92,"1,55",16.026,"1.910.593.607,15","103,30"
KNIP11,Investidor Qualificado,Papel:Papéis,INTRAG DTVM LTDA.,"0,75","0,78",12/01/2024,28/12/2023,"0,79","0,83","97,90","0,98",246,"6,14",75.213,"7.937.902.259,41","95,57"
KNPR11,Investidores em Geral,Fundo Misto:Indefinido,INTRAG DTVM LTDA.,"4,65",N/A,11/01/2024,28/12/2023,"0,71",N/A,"102,77",N/A,N/A,N/A,593,"58.689.268,00",N/A
KNRE11,Investidor Qualificado,Fundo Misto:Fundo de Desenvolvimento,INTRAG DTVM LTDA.,"0,07","12,52",13/01/2023,29/12/2022,"0,13","24,07","0,83","0,51",1,N/A,6.839,"14.108.187,28","0,56"
KNRI11,Investidores em Geral,Fundo Misto:Misto,INTRAG DTVM LTDA.,"1,00","0,60",15/01/2024,28/12/2023,"1,01","0,61","159,71","1,04",93,"3,15",264.450,"3.836.940.532,72","165,50"
KNSC11,Investidores em Geral,Papel:Papéis,INTRAG DTVM LTDA.,"0,07","0,77",12/01/2024,28/12/2023,"0,09","0,93","9,06","1,01",384,"0,96",132.602,"1.208.347.949,89","9,13"
KNUQ11,Investidores em Geral,Fundo Misto:Indefinido,INTRAG DTVM LTDA.,"1,14","1,11",11/01/2024,28/12/2023,"0,54","0,53","100,92","1,03",10,N/A,7.760,"745.144.515,41","102,80"
KOPA11,N/A,N/A,N/A,N/A,N/A,N/A,N/A,N/A,N/A,N/A,N/A,N/A,N/A,N/A,N/A,N/A
KOPI11,N/A,N/A,N/A,N/A,N/A,N/A,N/A,N/A,N/A,N/A,N/A,N/A,N/A,N/A,N/A,N/A
KORE11,Investidores em Geral,Fundos Imobiliários:,INTRAG DTVM LTDA.,"0,69","0,64",15/01/2024,28/12/2023,"0,06","0,05","99,93","1,10",48,N/A,14.731,"961.854.941,79","108,00"
LAFI11,N/A,N/A,N/A,N/A,N/A,N/A,N/A,N/A,N/A,N/A,N/A,N/A,N/A,N/A,N/A,N/A
LASC11,Investidores em Geral,Tijolo:Shoppings,BTG PACTUAL SERVIÇOS FINANCEIROS S/A DTVM,"0,67","0,63",08/01/2024,28/12/2023,"0,93","0,88","102,08","0,81",290,N/A,390,"375.328.890,99","106,00"
LATR11B,Investidor Qualificado,Fundo Misto:Fundo de Desenvolvimento,OLIVEIRA TRUST DTVM S.A.,"9,24",N/A,03/04/2023,27/03/2023,"1,60",N/A,"10,59","0,95",2,N/A,132,"1.244.713,00",N/A
LAVF11,Investidor Qualificado,Fundo Misto:Indefinido,BR-CAPITAL DTVM S.A.,"1,30",N/A,13/05/2022,05/05/2022,"0,88",N/A,"4,30",N/A,N/A,N/A,7,"116.243,80",N/A
LFTT11,Investidor Qualificado,Papel:Papéis,MAF DISTRIBUIDORA DE TITULOS E VALORES MOBILIARIOS S.A.,"1,02","3,30",22/01/2024,09/01/2024,"2,47","7,97","19,11","1,72",410,N/A,504,"134.091.203,33","31,00"
LGCP11,Investidores em Geral,Tijolo:Imóveis Industriais e Logísticos,INTER DISTRIBUIDORA DE TÍTULOS E VALORES MOBILIÁRIOS,"0,72","0,80",15/01/2024,28/12/2023,"0,65","0,72","102,37","0,87",13,"0,25",15.633,"367.787.688,94","89,88"
LIFE11,Investidores em Geral,Tijolo:Imóveis Comerciais - Outros,VORTX DISTRIBUIDORA DE TITULOS E VALORES MOBILIARIOS LTDA.,"0,13","1,23",08/01/2024,28/12/2023,"0,13","1,30","10,16","0,99",25,N/A,6.130,"226.043.427,01","10,18"
LKDV11,N/A,N/A,N/A,N/A,N/A,N/A,N/A,N/A,N/A,N/A,N/A,N/A,N/A,N/A,N/A,N/A
LLAO11,Investidor Qualificado,Fundo Misto:Misto,SOCOPA SOCIEDADE CORRETORA PAULISTA SA,"1,39",N/A,15/01/2024,28/12/2023,"2,22",N/A,"77,33","1,05",4,N/A,77,"26.698.166,06",N/A
LOFT11B,Investidor Qualificado,Fundo Misto:Fundo de Desenvolvimento,MAF DISTRIBUIDORA DE TITULOS E VALORES MOBILIARIOS S.A.,"0,20","0,72",15/04/2021,31/03/2021,"0,02","0,06","26,92","2,98",N/A,N/A,1,"19.663.388,29","27,98"
LPLP11,Investidor Qualificado,Fundo Misto:Indefinido,OLIVEIRA TRUST DTVM S.A.,"5,99",N/A,15/01/2024,05/01/2024,"16,13",N/A,"413,05","1,28",2,N/A,5,"144.781.405,25",N/A
LRDI11,N/A,N/A,N/A,N/A,N/A,N/A,N/A,N/A,N/A,N/A,N/A,N/A,N/A,N/A,N/A,N/A
LSAG11,Investidores em Geral,Fiagro:Fiagro,BANCO GENIAL S.A.,"1,80","1,84",15/01/2024,28/12/2023,"1,47","1,50","97,63","1,02",1,N/A,1.771,"98.836.063,68","98,00"
LSOI11,N/A,N/A,N/A,N/A,N/A,N/A,N/A,N/A,N/A,N/A,N/A,N/A,N/A,N/A,N/A,N/A
LSPA11,Investidor Profissional,Papel:Papéis,PLURAL S.A. BANCO MÚLTIPLO,"4,43",N/A,15/01/2024,28/12/2023,"1,15",N/A,"115,47","0,94",5,N/A,224,"46.265.530,51",N/A
LTMT11,N/A,N/A,N/A,N/A,N/A,N/A,N/A,N/A,N/A,N/A,N/A,N/A,N/A,N/A,N/A,N/A
LUGG11,Investidores em Geral,Fundo Misto:Fundo de Desenvolvimento,INTER DISTRIBUIDORA DE TÍTULOS E VALORES MOBILIÁRIOS,"0,50","0,60",15/01/2024,28/12/2023,"0,57","0,68","123,54","0,66",2,N/A,6.564,"139.711.181,55","83,00"
LVBI11,Investidores em Geral,Tijolo:Imóveis Industriais e Logísticos,BTG PACTUAL SERVIÇOS FINANCEIROS S/A DTVM,"0,90","0,76",08/01/2024,28/12/2023,"0,80","0,68","117,26","1,03",159,"1,34",97.478,"1.644.298.546,39","117,87"
MALL11,Investidores em Geral,Tijolo:Shoppings,PLURAL S.A. BANCO MÚLTIPLO,"0,80","0,67",15/01/2024,28/12/2023,"0,80","0,68","119,22","0,98",49,"0,86",132.172,"1.104.137.381,27","118,80"
MANA11,Investidores em Geral,Fundo Misto:Indefinido,BANCO DAYCOVAL S.A.,"0,11","1,16",22/01/2024,28/12/2023,"0,11","1,15","9,69","0,97",8,N/A,5.183,"208.942.757,51","9,49"
MATV11,Investidores em Geral,Fundo Misto:Indefinido,BTG PACTUAL SERVIÇOS FINANCEIROS S/A DTVM,"0,60","0,73",22/03/2023,15/03/2023,"0,22","0,26","90,92","0,92",75,N/A,325,"39.926.993,67","82,50"
MAVC11,N/A,N/A,N/A,N/A,N/A,N/A,N/A,N/A,N/A,N/A,N/A,N/A,N/A,N/A,N/A,N/A
MAXR11,Investidores em Geral,Tijolo:Varejo,BTG PACTUAL SERVIÇOS FINANCEIROS S/A DTVM,"0,78","0,99",15/01/2024,08/01/2024,"0,69","0,87","124,64","0,60",2,N/A,4.482,"144.207.895,72","78,86"
MBRF11,N/A,N/A,N/A,N/A,N/A,N/A,N/A,N/A,N/A,N/A,N/A,N/A,N/A,N/A,N/A,N/A
MCCI11,Investidores em Geral,Papel:Papéis,BTG PACTUAL SERVIÇOS FINANCEIROS S/A DTVM,"0,90","0,94",18/01/2024,11/01/2024,"0,93","0,97","95,65","0,99",121,"1,27",116.108,"1.619.348.816,44","95,40"
MCEM11,N/A,N/A,N/A,N/A,N/A,N/A,N/A,N/A,N/A,N/A,N/A,N/A,N/A,N/A,N/A,N/A
MCHF11,Investidores em Geral,Papel:Fundo de Fundos,BTG PACTUAL SERVIÇOS FINANCEIROS S/A DTVM,"0,07","0,74",18/01/2024,11/01/2024,"0,09","0,98","9,60","0,94",163,"0,23",84.361,"308.960.498,52","9,40"
MCHY11,Investidor Qualificado,Papel:Papéis,BTG PACTUAL SERVIÇOS FINANCEIROS S/A DTVM,"0,13","1,07",23/01/2024,16/01/2024,"0,14","1,11","98,54","0,12",466,N/A,1.118,"355.209.675,53","12,20"
MFAI11,Investidores em Geral,Papel:Fundo de Fundos,MERITO DISTRIBUIDORA DE TITULOS E VALORES MOBILIARIOS LTDA.,"0,55","0,89",15/01/2024,28/12/2023,"0,49","0,80","69,73","0,88",489,N/A,2.816,"28.212.610,30","61,98"
MFCR11,Investidores em Geral,Fundo Misto:Indefinido,MERITO DISTRIBUIDORA DE TITULOS E VALORES MOBILIARIOS LTDA.,"75,40","72,51",30/01/2024,24/01/2024,"7,42","7,13","103,08","0,28",138,N/A,183,"10.434.319,92","103,99"
MFII11,Investidores em Geral,Fundo Misto:Fundo de Desenvolvimento,MERITO DISTRIBUIDORA DE TITULOS E VALORES MOBILIARIOS LTDA.,"1,08","1,14",15/01/2024,28/12/2023,"1,09","1,15","113,56","0,89",10,"0,36",30.433,"501.857.043,22","94,36"
MGCR11,Investidores em Geral,Papel:Papéis,BANCO DAYCOVAL S.A.,"0,33",N/A,08/09/2023,31/08/2023,"0,09",N/A,"9,78","0,96",939,N/A,4.360,"131.240.792,97",N/A
MGFF11,Investidores em Geral,Papel:Fundo de Fundos,BANCO DAYCOVAL S.A.,"0,52","0,75",18/12/2023,07/12/2023,"0,52","0,75","72,86","0,95",48,"0,52",45.134,"665.588.549,57","69,60"
MGHT11,Investidores em Geral,Tijolo:Hotéis,BTG PACTUAL SERVIÇOS FINANCEIROS S/A DTVM,"0,57","1,18",18/01/2024,11/01/2024,"0,68","1,40","86,16","0,55",8,N/A,4.784,"112.482.906,27","48,48"
MGIM11,Investidores em Geral,Tijolo:Fundo de Desenvolvimento,BTG PACTUAL SERVIÇOS FINANCEIROS S/A DTVM,"0,18",N/A,28/03/2022,21/03/2022,"9,37",N/A,N/A,"1,03",N/A,N/A,75,"24.337.124,08",N/A
MGLC11,N/A,N/A,N/A,N/A,N/A,N/A,N/A,N/A,N/A,N/A,N/A,N/A,N/A,N/A,N/A,N/A
MGLG11,Investidores em Geral,Tijolo:Imóveis Industriais e Logísticos,XP INVESTIMENTOS CCTVM S.A.,"0,35","0,86",24/02/2023,15/02/2023,"0,44","1,09","61,48","0,56",2,N/A,3.712,"116.088.485,68","40,49"
MGRI11,Investidores em Geral,Fundo Misto:Indefinido,SOCOPA SOCIEDADE CORRETORA PAULISTA SA,"1,00",N/A,15/01/2024,08/01/2024,"1,52",N/A,"106,19",N/A,N/A,N/A,1,"24.259.177,29",N/A
MINT11,Investidores em Geral,Tijolo:Educacional,BTG PACTUAL SERVIÇOS FINANCEIROS S/A DTVM,"1,30","1,30",08/01/2024,28/12/2023,"0,11","0,11","133,89","0,82",80,N/A,79,"67.625.256,47","99,87"
MMPD11,Investidor Profissional,Fundo Misto:Indefinido,BTG PACTUAL SERVIÇOS FINANCEIROS S/A DTVM,"1,07",N/A,25/01/2024,18/01/2024,"0,82",N/A,"111,74",N/A,8,N/A,55,"59.222.767,21",N/A
MMVE11,N/A,N/A,N/A,N/A,N/A,N/A,N/A,N/A,N/A,N/A,N/A,N/A,N/A,N/A,N/A,N/A
MOFF11,N/A,N/A,N/A,N/A,N/A,N/A,N/A,N/A,N/A,N/A,N/A,N/A,N/A,N/A,N/A,N/A
MORC11,Investidores em Geral,Papel:Papéis,BRL TRUST DISTRIBUIDORA DE TITULOS E VALORES MOBILIARIOS S.A.,"0,92","1,03",26/01/2024,18/01/2024,"1,07","1,21","100,29","0,90",17,"0,14",2.960,"191.339.013,53","88,99"
MORE11,Investidores em Geral,Papel:Fundo de Fundos,BRL TRUST DISTRIBUIDORA DE TITULOS E VALORES MOBILIARIOS S.A.,"0,70","0,91",22/11/2023,14/11/2023,"0,56","0,73","87,38","0,90",29,"0,14",3.358,"198.257.973,78","77,07"
MTOF11,N/A,N/A,N/A,N/A,N/A,N/A,N/A,N/A,N/A,N/A,N/A,N/A,N/A,N/A,N/A,N/A
MTRS11,N/A,N/A,N/A,N/A,N/A,N/A,N/A,N/A,N/A,N/A,N/A,N/A,N/A,N/A,N/A,N/A
MVFI11,N/A,N/A,N/A,N/A,N/A,N/A,N/A,N/A,N/A,N/A,N/A,N/A,N/A,N/A,N/A,N/A
MXRF11,Investidores em Geral,Papel:Papéis,BTG PACTUAL SERVIÇOS FINANCEIROS S/A DTVM,"0,11","1,04",15/01/2024,28/12/2023,"0,12","1,09","9,86","1,08",739,"2,72",1.022.791,"2.851.649.176,71","10,57"
MYDW11,N/A,N/A,N/A,N/A,N/A,N/A,N/A,N/A,N/A,N/A,N/A,N/A,N/A,N/A,N/A,N/A
N4V111,N/A,N/A,N/A,N/A,N/A,N/A,N/A,N/A,N/A,N/A,N/A,N/A,N/A,N/A,N/A,N/A
NAVT11,Investidores em Geral,Papel:Papéis,BTG PACTUAL SERVIÇOS FINANCEIROS S/A DTVM,"1,79","1,94",19/01/2024,12/01/2024,"1,07","1,16","95,05","0,96",4,N/A,2.031,"57.705.336,54","92,30"
NCHB11,Investidores em Geral,Papel:Papéis,BTG PACTUAL SERVIÇOS FINANCEIROS S/A DTVM,"0,80","0,95",15/01/2024,08/01/2024,"0,95","1,13","90,69","0,10",10,"0,11",10.745,"153.510.646,04","83,89"
NCRA11,Investidores em Geral,Fiagro:Fiagro,BTG PACTUAL SERVIÇOS FINANCEIROS S/A DTVM,"0,10","0,91",24/01/2024,17/01/2024,"0,13","1,27","10,54","0,98",16,N/A,9.908,"46.994.292,42","10,56"
NCRI11,Investidores em Geral,Sem categoria:,BRL TRUST DISTRIBUIDORA DE TITULOS E VALORES MOBILIARIOS S.A.,"0,10","1,08",15/01/2024,05/01/2024,"0,09","1,00","10,25","0,89",753,N/A,718,"40.613.158,32","9,29"
NEWL11,Investidores em Geral,Tijolo:Imóveis Industriais e Logísticos,PLURAL S.A. BANCO MÚLTIPLO,"1,30","1,14",15/01/2024,28/12/2023,"1,01","0,88","137,14","0,90",2,N/A,3.921,"279.317.363,79","114,38"
NEWU11,Investidores em Geral,Tijolo:Lajes Corporativas,PLURAL S.A. BANCO MÚLTIPLO,"0,60","0,76",15/01/2024,28/12/2023,"0,20","0,25","70,03","1,09",139,N/A,1.414,"51.775.697,03","79,00"
NEXG11,N/A,N/A,N/A,N/A,N/A,N/A,N/A,N/A,N/A,N/A,N/A,N/A,N/A,N/A,N/A,N/A
NIVT11,N/A,N/A,N/A,N/A,N/A,N/A,N/A,N/A,N/A,N/A,N/A,N/A,N/A,N/A,N/A,N/A
NPAR11,Investidores em Geral,Papel:Papéis,SOCOPA SOCIEDADE CORRETORA PAULISTA SA,"14,07","109,73",02/05/2022,25/04/2022,"1,17","9,14","14,07","1,28",N/A,N/A,230,"5.394.228,57","12,82"
NSLU11,Investidores em Geral,Tijolo:Hospitalar,BTG PACTUAL SERVIÇOS FINANCEIROS S/A DTVM,"1,55","0,80",08/01/2024,28/12/2023,"1,55","0,79","201,40","0,95",3,"0,20",6.197,"262.124.868,02","194,98"
NVHO11,Investidor Qualificado,Tijolo:Hospitalar,PLURAL S.A. BANCO MÚLTIPLO,"0,08","0,70",09/01/2024,28/12/2023,"0,08","0,70","14,02","0,78",217,N/A,2.171,"634.777.158,87","11,93"
NVIF11B,Investidor Qualificado,Fundo Misto:Fundo de Desenvolvimento,MAF DISTRIBUIDORA DE TITULOS E VALORES MOBILIARIOS S.A.,"0,89",N/A,15/01/2024,28/12/2023,"0,67",N/A,"382,17","0,67",N/A,N/A,7,"115.347.468,91",N/A
OBAL11,N/A,N/A,N/A,N/A,N/A,N/A,N/A,N/A,N/A,N/A,N/A,N/A,N/A,N/A,N/A,N/A
OCRE11,Investidor Profissional,Sem categoria:,ID CORRETORA DE TÍTULOS E VALORES MOBILIÁRIOS S.A.,"0,77","0,76",08/01/2024,28/12/2023,"0,23","0,22","100,89","0,99",117,N/A,473,"29.322.424,79","102,51"
OGHY11,Investidores em Geral,Fundo Misto:Indefinido,BANCO DAYCOVAL S.A.,"0,09","0,99",22/01/2024,28/12/2023,"0,10","1,08","9,38","0,91",3,N/A,1.520,"25.726.115,11","9,08"
OIAG11,Investidores em Geral,Fiagro:Fiagro,SINGULARE CORRETORA DE TITULOS E VALORES MOBILIARIOS S.A.,"0,11","1,21",15/01/2024,08/01/2024,"0,13","1,41","9,74","0,90",23,N/A,12.487,"88.452.634,72","9,10"
ONDV11,N/A,N/A,N/A,N/A,N/A,N/A,N/A,N/A,N/A,N/A,N/A,N/A,N/A,N/A,N/A,N/A
ONEF11,Investidores em Geral,Tijolo:Lajes Corporativas,HEDGE INVESTMENTS DISTRIBUIDORA DE TÍTULOS E VALORES MOBILIÁRIOS LTDA.,"32,50",N/A,15/01/2024,28/12/2023,"3,63",N/A,"236,65","1,09",1,N/A,2.602,"166.518.054,63",N/A
OPTM11,Investidor Qualificado,Outros:Indefinido,FRAM CAPITAL DISTRIBUIDORA DE TÍTULOS E VALORES MOBILIÁRIOS S.A.,"1,33",N/A,15/01/2024,02/01/2024,"1,81",N/A,"151,20",N/A,N/A,N/A,63,"10.099.072,20",N/A
ORPD11,N/A,N/A,N/A,N/A,N/A,N/A,N/A,N/A,N/A,N/A,N/A,N/A,N/A,N/A,N/A,N/A
OUCY11,N/A,N/A,N/A,N/A,N/A,N/A,N/A,N/A,N/A,N/A,N/A,N/A,N/A,N/A,N/A,N/A
OUFF11,Investidores em Geral,Papel:Fundo de Fundos,BANCO OURINVEST S.A.,"0,70","0,98",22/01/2024,15/01/2024,"0,71","0,99","73,63","0,94",6,N/A,7.678,"135.437.531,29","71,59"
OUJP11,Investidores em Geral,Papel:Papéis,FINAXIS CORRETORA DE TÍTULOS E VALORES MOBILIÁRIOS S.A.,"0,90","0,91",15/01/2024,28/12/2023,"1,14","1,16","98,04","1,01",33,"0,26",29.451,"322.225.945,81","98,59"
OULG11,Investidores em Geral,Tijolo:Imóveis Industriais e Logísticos,BANCO OURINVEST S.A.,"0,30","0,93",22/01/2024,15/01/2024,"0,40","1,22","67,50","0,52",6,N/A,5.264,"151.386.493,98","32,32"
OURE11,Investidores em Geral,Fundo Misto:Indefinido,BANCO OURINVEST S.A.,"0,80","1,06",22/01/2024,15/01/2024,"0,90","1,19","91,54","0,79",2,N/A,6.265,"99.368.584,35","75,18"
PABY11,N/A,N/A,N/A,N/A,N/A,N/A,N/A,N/A,N/A,N/A,N/A,N/A,N/A,N/A,N/A,N/A
PATB11,Investidores em Geral,Tijolo:Lajes Corporativas,BTG PACTUAL SERVIÇOS FINANCEIROS S/A DTVM,"5,90",N/A,15/12/2023,08/12/2023,"1,69",N/A,"171,17",N/A,N/A,N/A,1,"666.634.002,06",N/A
PATC11,Investidores em Geral,Fundo Misto:Fundo de Desenvolvimento,MAF DISTRIBUIDORA DE TITULOS E VALORES MOBILIARIOS S.A.,"1,70","4,36",09/01/2024,28/12/2023,"1,07","2,73","42,34","0,92",7,N/A,7.365,"143.273.747,27","39,00"
PATL11,Investidores em Geral,Tijolo:Imóveis Industriais e Logísticos,VORTX DISTRIBUIDORA DE TITULOS E VALORES MOBILIARIOS LTDA.,"0,60","0,87",09/01/2024,28/12/2023,"0,59","0,86","98,34","0,69",47,"0,27",24.489,"491.678.610,93","69,00"
PBLV11,Investidor Profissional,Tijolo:Imóveis Industriais e Logísticos,BRL TRUST DISTRIBUIDORA DE TITULOS E VALORES MOBILIARIOS S.A.,"42,81",N/A,29/01/2024,19/01/2024,"10,14",N/A,"1.610,73","0,58",N/A,N/A,2,"6.193.899.464,76",N/A
PCAS11,Investidor Profissional,Fundo Misto:Indefinido,PLANNER CORRETORA DE VALORES SA,"1.000,00",N/A,21/12/2023,18/12/2023,"83,33",N/A,"6.366,73",N/A,N/A,N/A,50,"452.230.286,83",N/A
PEMA11,Investidor Profissional,Papel:Papéis,BRL TRUST DISTRIBUIDORA DE TITULOS E VALORES MOBILIARIOS S.A.,"0,42","0,90",15/01/2024,28/12/2023,"0,65","1,37","70,74","0,58",68,N/A,380,"39.327.823,62","47,00"
PLCA11,Investidores em Geral,Fiagro:Fiagro,BANCO GENIAL S.A.,"1,03","1,21",15/01/2024,28/12/2023,"1,10","1,30","94,76","0,90",4,N/A,2.167,"52.728.066,69","84,90"
PLCR11,Investidores em Geral,Papel:Papéis,PLURAL S.A. BANCO MÚLTIPLO,"0,80","0,90",15/01/2024,28/12/2023,"0,95","1,07","91,86","0,95",13,"0,15",17.063,"194.998.234,63","89,31"
PLOG11,Investidores em Geral,Tijolo:Imóveis Industriais e Logísticos,PLURAL S.A. BANCO MÚLTIPLO,"0,70","0,99",15/05/2023,28/04/2023,"0,74","1,05","106,21","0,63",2,N/A,3.284,"79.648.071,76","70,96"
PLRI11,Investidor Qualificado,Papel:Papéis,OLIVEIRA TRUST DTVM S.A.,"0,20",N/A,08/01/2024,29/12/2023,"0,16",N/A,"28,60","0,59",50,N/A,703,"27.266.981,16",N/A
PMFO11,Investidor Profissional,Sem categoria:,BANCO DAYCOVAL S.A.,"0,88",N/A,15/01/2024,08/01/2024,"0,29",N/A,"96,05",N/A,N/A,N/A,92,"49.073.327,74",N/A
PMIS11,N/A,N/A,N/A,N/A,N/A,N/A,N/A,N/A,N/A,N/A,N/A,N/A,N/A,N/A,N/A,N/A
PNCR11,Investidores em Geral,Sem categoria:,BRL TRUST DISTRIBUIDORA DE TITULOS E VALORES MOBILIARIOS S.A.,"0,74",N/A,11/01/2024,04/01/2024,"0,82",N/A,"87,12","1,02",2,N/A,110,"42.838.361,15",N/A
PNDL11,Investidor Profissional,Fundo Misto:Fundo de Desenvolvimento,BRL TRUST DISTRIBUIDORA DE TITULOS E VALORES MOBILIARIOS S.A.,"3,00",N/A,15/01/2024,28/12/2023,"1,32",N/A,"1.047,99","1,23",7,N/A,57,"136.924.376,52",N/A
PNLM11,N/A,N/A,N/A,N/A,N/A,N/A,N/A,N/A,N/A,N/A,N/A,N/A,N/A,N/A,N/A,N/A
PNLN11,N/A,N/A,N/A,N/A,N/A,N/A,N/A,N/A,N/A,N/A,N/A,N/A,N/A,N/A,N/A,N/A
PNPR11,N/A,N/A,N/A,N/A,N/A,N/A,N/A,N/A,N/A,N/A,N/A,N/A,N/A,N/A,N/A,N/A
PNRC11,Investidor Profissional,Fundo Misto:Indefinido,BRL TRUST DISTRIBUIDORA DE TITULOS E VALORES MOBILIARIOS S.A.,"1,19",N/A,15/01/2024,28/12/2023,"0,95",N/A,"101,77","1,00",1,N/A,60,"41.852.614,98",N/A
PORD11,Investidores em Geral,Papel:Papéis,OLIVEIRA TRUST DTVM S.A.,"1,01","1,11",08/01/2024,28/12/2023,"1,03","1,13","97,84","0,93",22,"0,27",26.900,"364.932.097,48","90,82"
PQAG11,Investidores em Geral,Tijolo:Imóveis Industriais e Logísticos,HEDGE INVESTMENTS DISTRIBUIDORA DE TÍTULOS E VALORES MOBILIÁRIOS LTDA.,"0,45","0,76",15/01/2024,28/12/2023,"0,44","0,74","57,12","1,01",79,N/A,476,"799.124.298,41","59,47"
PQDP11,Investidores em Geral,Tijolo:Shoppings,BTG PACTUAL SERVIÇOS FINANCEIROS S/A DTVM,"18,47","0,95",19/01/2024,28/12/2023,"17,20","0,88","3.147,05","0,57",436,N/A,3.987,"861.344.743,76","1.943,85"
PRSN11B,Investidor Qualificado,Fundo Misto:Fundo de Desenvolvimento,OLIVEIRA TRUST DTVM S.A.,"0,15",N/A,04/08/2023,28/07/2023,"0,05",N/A,"4,08","0,38",504,N/A,1.030,"12.430.463,91",N/A
PRSV11,Investidores em Geral,Tijolo:Lajes Corporativas,HEDGE INVESTMENTS DISTRIBUIDORA DE TÍTULOS E VALORES MOBILIÁRIOS LTDA.,"1,62","0,42",15/10/2020,30/09/2020,"2,04","0,53","244,22","0,38",165,N/A,952,"35.359.299,83","382,00"
PRTS11,Investidor Qualificado,Tijolo:Shoppings,MAF DISTRIBUIDORA DE TITULOS E VALORES MOBILIARIOS S.A.,"0,05",N/A,18/05/2022,11/05/2022,"0,01",N/A,"0,06","1.961,67",N/A,N/A,11,"3.111.607,44",N/A
PRZS11,N/A,N/A,N/A,N/A,N/A,N/A,N/A,N/A,N/A,N/A,N/A,N/A,N/A,N/A,N/A,N/A
PULV11,Investidor Profissional,Fundos Imobiliários:,INTER DISTRIBUIDORA DE TÍTULOS E VALORES MOBILIÁRIOS,"0,08",N/A,15/01/2024,28/12/2023,"0,01",N/A,"10,04",N/A,N/A,N/A,2,"70.068.775,59",N/A
PURB11,N/A,N/A,N/A,N/A,N/A,N/A,N/A,N/A,N/A,N/A,N/A,N/A,N/A,N/A,N/A,N/A
PVBI11,Investidores em Geral,Tijolo:Lajes Corporativas,BTG PACTUAL SERVIÇOS FINANCEIROS S/A DTVM,"0,70","0,68",08/01/2024,28/12/2023,"0,65","0,63","100,19","1,03",162,"1,56",136.210,"1.772.908.899,10","103,21"
QAGR11,Investidores em Geral,Fundo Misto:Indefinido,BTG PACTUAL SERVIÇOS FINANCEIROS S/A DTVM,"0,43","0,84",09/01/2024,02/01/2024,"0,43","0,85","58,66","0,85",10,"0,22",21.758,"290.904.877,50","50,91"
QAMI11,Investidores em Geral,Papel:Papéis,BTG PACTUAL SERVIÇOS FINANCEIROS S/A DTVM,"1,00","1,17",23/10/2023,16/10/2023,"0,68","0,80","92,80","0,91",2,N/A,1.440,"74.367.555,48","85,12"
QIFF11,N/A,N/A,N/A,N/A,N/A,N/A,N/A,N/A,N/A,N/A,N/A,N/A,N/A,N/A,N/A,N/A
QIRI11,Investidores em Geral,Papel:Papéis,BRL TRUST DISTRIBUIDORA DE TITULOS E VALORES MOBILIARIOS S.A.,"89,64",N/A,11/10/2022,04/10/2022,"7,92",N/A,"89,61","0,87",36,N/A,173,"13.441.852,95",N/A
RBBV11,Investidores em Geral,Outros:Indefinido,CAIXA ECONOMICA FEDERAL,"0,22",N/A,22/07/2021,20/07/2021,"2,76",N/A,N/A,"0,99",N/A,N/A,3.475,"126.470.249,69",N/A
RBCB11,N/A,N/A,N/A,N/A,N/A,N/A,N/A,N/A,N/A,N/A,N/A,N/A,N/A,N/A,N/A,N/A
RBCO11,N/A,N/A,N/A,N/A,N/A,N/A,N/A,N/A,N/A,N/A,N/A,N/A,N/A,N/A,N/A,N/A
RBDS11,Investidor Qualificado,Fundo Misto:Fundo de Desenvolvimento,OLIVEIRA TRUST DTVM S.A.,"2,35","11,21",12/07/2021,30/06/2021,"0,20","0,93","20,59","0,10",172,N/A,964,"2.741.494,15","21,00"
RBED11,Investidores em Geral,Tijolo:Educacional,RIO BRAVO INVESTIMENTOS - DISTRIBUIDORA DE TITULOS E VALORES MOBILIARIOS LTDA,"1,45","0,99",15/01/2024,28/12/2023,"1,35","0,92","143,44","1,02",4,N/A,13.145,"343.302.420,13","147,20"
RBFF11,Investidores em Geral,Papel:Fundo de Fundos,RIO BRAVO INVESTIMENTOS - DISTRIBUIDORA DE TITULOS E VALORES MOBILIARIOS LTDA,"0,52","0,85",15/01/2024,28/12/2023,"0,50","0,83","67,60","0,89",20,"0,18",20.333,"259.786.434,65","61,00"
RBGS11,Investidores em Geral,Tijolo:Shoppings,OLIVEIRA TRUST DTVM S.A.,"0,18","0,62",14/01/2022,30/12/2021,"0,15","0,54",N/A,"0,31",N/A,N/A,2.808,"97.865.283,71","28,45"
RBHG11,Investidores em Geral,Papel:Papéis,BRL TRUST DISTRIBUIDORA DE TITULOS E VALORES MOBILIARIOS S.A.,"1,05","1,14",15/01/2024,28/12/2023,"1,05","1,14","91,08","1,01",15,"0,14",9.885,"158.083.643,68","91,85"
RBHY11,Investidores em Geral,Papel:Papéis,BRL TRUST DISTRIBUIDORA DE TITULOS E VALORES MOBILIARIOS S.A.,"1,10","1,18",15/01/2024,28/12/2023,"1,17","1,25","93,24","0,99",2,N/A,3.577,"177.357.422,17","93,01"
RBIR11,Investidores em Geral,Fundo Misto:Fundo de Desenvolvimento,OLIVEIRA TRUST DTVM S.A.,"0,52","0,57",15/01/2024,28/12/2023,"0,61","0,67","98,62","0,94",668,N/A,1.638,"149.627.797,63","90,51"
RBIV11,N/A,N/A,N/A,N/A,N/A,N/A,N/A,N/A,N/A,N/A,N/A,N/A,N/A,N/A,N/A,N/A
RBLG11,Investidor Profissional,Tijolo:Imóveis Industriais e Logísticos,BTG PACTUAL SERVIÇOS FINANCEIROS S/A DTVM,"0,95","0,93",09/01/2024,02/01/2024,"0,92","0,89","104,73","1,00",83,N/A,222,"66.362.546,00","102,53"
RBOP11,Investidores em Geral,Tijolo:Lajes Corporativas,RIO BRAVO INVESTIMENTOS - DISTRIBUIDORA DE TITULOS E VALORES MOBILIARIOS LTDA,"21,79","6,73",31/01/2024,16/01/2024,"6,18","1,91","792,01","0,41",768,N/A,3.542,"80.518.930,66","323,90"
RBRD11,Investidores em Geral,Tijolo:Varejo,VOTORANTIM ASSET MANAGEMENT DTVM LTDA.,"0,34",N/A,15/01/2024,29/12/2023,"0,33",N/A,"65,91","0,59",2,N/A,8.835,"125.394.905,43",N/A
RBRF11,Investidores em Geral,Papel:Fundo de Fundos,BTG PACTUAL SERVIÇOS FINANCEIROS S/A DTVM,"0,55","0,67",17/01/2024,10/01/2024,"0,60","0,73","86,86","0,92",130,"0,87",108.583,"1.198.529.321,80","81,75"
RBRI11,Investidor Qualificado,Fundo Misto:Fundo de Desenvolvimento,BTG PACTUAL SERVIÇOS FINANCEIROS S/A DTVM,"17,86",N/A,25/02/2022,18/02/2022,"5,95",N/A,"1.221,79","0,93",1,N/A,89,"163.635.997,64",N/A
RBRL11,Investidores em Geral,Tijolo:Imóveis Industriais e Logísticos,BRL TRUST DISTRIBUIDORA DE TITULOS E VALORES MOBILIARIOS S.A.,"0,72","0,80",15/01/2024,08/01/2024,"0,67","0,74","105,39","0,86",27,"0,46",13.891,"674.625.415,08","89,93"
RBRM11,Investidor Qualificado,Fundo Misto:Fundo de Desenvolvimento,BTG PACTUAL SERVIÇOS FINANCEIROS S/A DTVM,"2.002,09",N/A,19/04/2023,12/04/2023,"636,47",N/A,"46.981,16","3,63",N/A,N/A,54,"14.090.520,99",N/A
RBRP11,Investidores em Geral,Tijolo:Lajes Corporativas,BRL TRUST DISTRIBUIDORA DE TITULOS E VALORES MOBILIARIOS S.A.,"0,28","0,49",15/01/2024,08/01/2024,"0,27","0,48","82,17","0,70",69,"0,53",86.371,"956.361.860,81","56,67"
RBRR11,Investidores em Geral,Papel:Papéis,BTG PACTUAL SERVIÇOS FINANCEIROS S/A DTVM,"0,68","0,75",17/01/2024,10/01/2024,"0,81","0,89","95,26","0,93",154,"1,06",135.890,"1.441.506.958,91","91,00"
RBRS11,Investidores em Geral,Fundo Misto:Fundo de Desenvolvimento,RIO BRAVO INVESTIMENTOS - DISTRIBUIDORA DE TITULOS E VALORES MOBILIARIOS LTDA,"0,75","1,42",15/01/2024,28/12/2023,"0,37","0,69","95,25","0,54",359,N/A,1.204,"161.233.561,01","53,00"
RBRX11,Investidores em Geral,Fundo Misto:Indefinido,BTG PACTUAL SERVIÇOS FINANCEIROS S/A DTVM,"0,09","0,98",23/01/2024,15/01/2024,"0,11","1,17","96,58","0,95",69,"0,14",8.518,"182.090.467,01","9,20"
RBRY11,Investidores em Geral,Papel:Papéis,BTG PACTUAL SERVIÇOS FINANCEIROS S/A DTVM,"1,00","1,00",17/01/2024,10/01/2024,"1,16","1,16","98,39","1,01",97,"0,79",48.942,"982.827.346,90","99,99"
RBTS11,Investidor Qualificado,Fundo Misto:Fundo de Desenvolvimento,OLIVEIRA TRUST DTVM S.A.,"23,00","2,56",14/12/2023,30/11/2023,"25,02","2,78","665,25","1,18",526,N/A,103,"36.107.894,17","900,00"
RBVA11,Investidores em Geral,Tijolo:Varejo,RIO BRAVO INVESTIMENTOS - DISTRIBUIDORA DE TITULOS E VALORES MOBILIARIOS LTDA,"1,00","0,88",15/01/2024,28/12/2023,"0,98","0,86","107,52","1,02",39,"1,28",50.295,"1.373.886.556,44","113,56"
RBVO11,Investidores em Geral,Papel:Papéis,RIO BRAVO INVESTIMENTOS - DISTRIBUIDORA DE TITULOS E VALORES MOBILIARIOS LTDA,"0,04","0,41",09/01/2024,28/12/2023,"0,02","0,23","16,93","0,48",412,N/A,2.496,"8.764.558,44","8,44"
RCFA11,N/A,N/A,N/A,N/A,N/A,N/A,N/A,N/A,N/A,N/A,N/A,N/A,N/A,N/A,N/A,N/A
RCFF11,Investidor Profissional,Papel:Fundo de Fundos,BRL TRUST DISTRIBUIDORA DE TITULOS E VALORES MOBILIARIOS S.A.,"1,36",N/A,19/01/2024,12/01/2024,"0,22",N/A,"101,90","0,93",1,N/A,90,"33.091.100,45",N/A
RCKF11,N/A,N/A,N/A,N/A,N/A,N/A,N/A,N/A,N/A,N/A,N/A,N/A,N/A,N/A,N/A,N/A
RCRB11,Investidores em Geral,Tijolo:Lajes Corporativas,RIO BRAVO INVESTIMENTOS - DISTRIBUIDORA DE TITULOS E VALORES MOBILIARIOS LTDA,"0,93","0,58",15/01/2024,08/01/2024,"0,77","0,48","209,12","0,77",30,"0,46",31.468,"758.897.031,65","161,00"
RCRI11B,Investidor Qualificado,Papel:Papéis,OLIVEIRA TRUST DTVM S.A.,"12,48",N/A,17/12/2021,10/12/2021,"3,34",N/A,N/A,"3,28",N/A,N/A,149,"18.639.596,10",N/A
RDES11,N/A,N/A,N/A,N/A,N/A,N/A,N/A,N/A,N/A,N/A,N/A,N/A,N/A,N/A,N/A,N/A
RDPD11,Investidores em Geral,Papel:Papéis,BTG PACTUAL SERVIÇOS FINANCEIROS S/A DTVM,"0,30","1,32",23/08/2023,16/08/2023,"1,14","5,01","22,72","1,04",4,N/A,3.141,"24.085.452,18","22,77"
RECR11,Investidores em Geral,Papel:Papéis,BRL TRUST DISTRIBUIDORA DE TITULOS E VALORES MOBILIARIOS S.A.,"0,76","0,86",15/01/2024,08/01/2024,"0,89","1,01","95,46","0,88",83,"1,78",179.558,"2.542.400.709,43","87,98"
RECT11,Investidores em Geral,Tijolo:Lajes Corporativas,BRL TRUST DISTRIBUIDORA DE TITULOS E VALORES MOBILIARIOS S.A.,"0,40","0,84",15/01/2024,08/01/2024,"0,45","0,94","92,59","0,49",16,"0,31",68.448,"786.591.601,68","47,40"
RECX11,Investidores em Geral,Papel:Fundo de Fundos,BTG PACTUAL SERVIÇOS FINANCEIROS S/A DTVM,"0,60","0,87",22/01/2024,15/01/2024,"0,59","0,85","73,36","0,90",165,N/A,649,"16.456.726,35","69,35"
REIT11,Investidor Qualificado,Papel:Papéis,SOCOPA SOCIEDADE CORRETORA PAULISTA SA,"4,31",N/A,15/01/2024,28/12/2023,"2,90",N/A,"285,51","0,63",2,N/A,69,"7.360.937,96",N/A
RELG11,Investidores em Geral,Tijolo:Imóveis Industriais e Logísticos,BRL TRUST DISTRIBUIDORA DE TITULOS E VALORES MOBILIARIOS S.A.,"0,70","0,99",14/03/2023,07/03/2023,"0,18","0,26","121,90","0,37",3,"0,06",6.074,"167.875.236,30","70,79"
REON11,N/A,N/A,N/A,N/A,N/A,N/A,N/A,N/A,N/A,N/A,N/A,N/A,N/A,N/A,N/A,N/A
RFOF11,Investidores em Geral,Papel:Fundo de Fundos,BRL TRUST DISTRIBUIDORA DE TITULOS E VALORES MOBILIARIOS S.A.,"0,73","0,94",15/01/2024,28/12/2023,"0,72","0,93","80,04","0,94",4,N/A,4.785,"87.977.301,89","77,52"
RINV11,Investidores em Geral,Fundo Misto:,XP INVESTIMENTOS CCTVM S.A.,"1,55","1,37",15/01/2024,28/12/2023,"1,23","1,09","106,95","1,02",3,N/A,1.008,"92.445.875,89","113,20"
RMAI11,Investidores em Geral,Tijolo:Lajes Corporativas,REAG DISTRIBUIDORA DE TÍTULOS E VALORES MOBILIÁRIOS S.A.,"0,32","0,44",10/01/2024,28/12/2023,"0,27","0,38","99,29","0,70",5,N/A,1.185,"242.546.587,05","72,00"
RNDP11,Investidores em Geral,Papel:Papéis,VOTORANTIM ASSET MANAGEMENT DTVM LTDA.,"10,45",N/A,15/01/2024,29/12/2023,"8,90",N/A,"173,64","1,17",685,N/A,1.212,"11.477.673,07",N/A
RNGO11,Investidores em Geral,Tijolo:Lajes Corporativas,RIO BRAVO INVESTIMENTOS - DISTRIBUIDORA DE TITULOS E VALORES MOBILIARIOS LTDA,"0,40","0,85",15/01/2024,28/12/2023,"0,40","0,85","86,83","0,56",2,N/A,10.460,"221.150.649,84","47,28"
ROOF11,Investidor Qualificado,Fundo Misto:Fundo de Desenvolvimento,VORTX DISTRIBUIDORA DE TITULOS E VALORES MOBILIARIOS LTDA.,"41,72",N/A,15/06/2023,31/05/2023,"12,37",N/A,"652,40","1,29",8,N/A,85,"43.332.895,01",N/A
RPRI11,Investidores em Geral,Papel:Papéis,INTRAG DTVM LTDA.,"0,95","0,92",12/01/2024,28/12/2023,"1,08","1,04","101,30","1,01",18,N/A,2.769,"318.834.133,48","103,80"
RRCI11,Investidores em Geral,Papel:Papéis,BRL TRUST DISTRIBUIDORA DE TITULOS E VALORES MOBILIARIOS S.A.,"0,90","1,09",15/01/2024,28/12/2023,"0,96","1,17","91,76","0,90",448,N/A,2.102,"44.292.880,82","82,64"
RSPD11,Investidor Qualificado,Fundo Misto:Fundo de Desenvolvimento,OLIVEIRA TRUST DTVM S.A.,"8,22",N/A,15/01/2024,28/12/2023,"12,84",N/A,"1.055,54","0,97",34,N/A,118,"155.575.947,95",N/A
RTEL11,N/A,N/A,N/A,N/A,N/A,N/A,N/A,N/A,N/A,N/A,N/A,N/A,N/A,N/A,N/A,N/A
RURA11,Investidores em Geral,Fiagro:Fiagro,INTRAG DTVM LTDA.,"0,10","0,91",08/01/2024,28/12/2023,"0,12","1,05","10,01","1,03",75,N/A,60.021,"1.603.068.599,14","11,04"
RVBI11,Investidores em Geral,Papel:Fundo de Fundos,BRL TRUST DISTRIBUIDORA DE TITULOS E VALORES MOBILIARIOS S.A.,"0,75","0,89",16/01/2024,09/01/2024,"0,74","0,88","84,54","0,99",5,"0,10",12.293,"123.988.740,85","84,10"
RZAG11,Investidores em Geral,Fiagro:Fiagro,BANCO GENIAL S.A.,"0,12","1,23",15/01/2024,28/12/2023,"0,12","1,32","9,75","0,95",220,N/A,85.482,"658.568.517,21","9,34"
RZAK11,Investidores em Geral,Papel:Papéis,BTG PACTUAL SERVIÇOS FINANCEIROS S/A DTVM,"1,12","1,26",22/01/2024,15/01/2024,"1,20","1,35","91,39","0,96",108,"0,61",51.311,"804.940.205,04","89,17"
RZAT11,Investidores em Geral,Tijolo:,BTG PACTUAL SERVIÇOS FINANCEIROS S/A DTVM,"1,10","1,14",22/01/2024,15/01/2024,"1,04","1,08","100,05","0,94",29,"0,28",38.743,"370.996.795,08","96,43"
RZDM11,Investidor Profissional,Fundo Misto:Indefinido,PLURAL S.A. BANCO MÚLTIPLO,"281,25",N/A,20/06/2023,15/06/2023,"24,15",N/A,"549,83","16,77",6,N/A,4,"5.249.451,62",N/A
RZEO11,N/A,N/A,N/A,N/A,N/A,N/A,N/A,N/A,N/A,N/A,N/A,N/A,N/A,N/A,N/A,N/A
RZTR11,Investidores em Geral,Fundo Misto:Indefinido,PLURAL S.A. BANCO MÚLTIPLO,"1,10","1,01",08/01/2024,28/12/2023,"0,98","0,91","99,48","1,03",85,"1,15",97.594,"1.388.590.847,17","108,40"
SAAG11,N/A,N/A,N/A,N/A,N/A,N/A,N/A,N/A,N/A,N/A,N/A,N/A,N/A,N/A,N/A,N/A
SACL11,N/A,N/A,N/A,N/A,N/A,N/A,N/A,N/A,N/A,N/A,N/A,N/A,N/A,N/A,N/A,N/A
SADI11,Investidores em Geral,Papel:Papéis,SANTANDER SECURITIES SERVICES BRASIL DTVM S.A,"1,02","1,16",15/01/2024,28/12/2023,"1,02","1,16","95,81","0,94",11,"0,11",10.813,"148.657.946,28","87,80"
SAIC11B,Investidor Qualificado,Tijolo:Lajes Corporativas,BRB DISTRIBUIDORA DE TITULOS E VALORES MOBILIARIOS S.A.,"0,66",N/A,16/10/2018,01/10/2018,"0,73",N/A,"55,12","0,61",4,N/A,50,"79.833.977,02",N/A
SALI11,N/A,N/A,N/A,N/A,N/A,N/A,N/A,N/A,N/A,N/A,N/A,N/A,N/A,N/A,N/A,N/A
SAPI11,N/A,N/A,N/A,N/A,N/A,N/A,N/A,N/A,N/A,N/A,N/A,N/A,N/A,N/A,N/A,N/A
SARE11,Investidores em Geral,Fundo Misto:Misto,SANTANDER SECURITIES SERVICES BRASIL DTVM S.A,"0,45","0,91",15/01/2024,28/12/2023,"0,54","1,10","88,44","0,53",42,"0,35",43.971,"827.310.388,30","49,29"
SBCL11,N/A,N/A,N/A,N/A,N/A,N/A,N/A,N/A,N/A,N/A,N/A,N/A,N/A,N/A,N/A,N/A
SCPF11,Investidores em Geral,Tijolo:Shoppings,BR-CAPITAL DTVM S.A.,"0,02","0,39",15/01/2024,05/01/2024,"0,02","0,51","11,70","0,38",1,N/A,5.036,"49.847.282,95","4,67"
SDIL11,Investidores em Geral,Tijolo:Imóveis Industriais e Logísticos,RIO BRAVO INVESTIMENTOS - DISTRIBUIDORA DE TITULOS E VALORES MOBILIARIOS LTDA,"0,75","0,76",14/08/2023,31/07/2023,"0,81","0,82","95,88","1,01",31,"0,52",63.292,"612.048.658,06","98,98"
SDIP11,N/A,N/A,N/A,N/A,N/A,N/A,N/A,N/A,N/A,N/A,N/A,N/A,N/A,N/A,N/A,N/A
SEED11,Investidor Profissional,Fundo Misto:Indefinido,HEDGE INVESTMENTS DISTRIBUIDORA DE TÍTULOS E VALORES MOBILIÁRIOS LTDA.,"0,82",N/A,15/01/2024,28/12/2023,"0,93",N/A,"89,21","1,05",1,N/A,125,"156.783.685,69",N/A
SEQR11,Investidores em Geral,Fundo Misto:Misto,VORTX DISTRIBUIDORA DE TITULOS E VALORES MOBILIARIOS LTDA.,"0,72","1,18",15/01/2024,08/01/2024,"0,71","1,16","90,11","0,64",3,N/A,5.595,"151.618.163,99","60,60"
SFND11,Investidores em Geral,Tijolo:Lajes Corporativas,RIO BRAVO INVESTIMENTOS - DISTRIBUIDORA DE TITULOS E VALORES MOBILIARIOS LTDA,"0,10",N/A,15/01/2024,28/12/2023,"0,01",N/A,"8,20","29,35",N/A,N/A,54,"2.782.115,08",N/A
SHDP11B,Investidores em Geral,Tijolo:Shoppings,BTG PACTUAL SERVIÇOS FINANCEIROS S/A DTVM,"5,11",N/A,19/01/2024,11/01/2024,"7,59",N/A,"1.293,28",N/A,N/A,N/A,3,"2.125.575.953,01",N/A
SHOP11,Investidores em Geral,Tijolo:Shoppings,BTG PACTUAL SERVIÇOS FINANCEIROS S/A DTVM,"6,75",N/A,30/03/2022,23/03/2022,"0,56",N/A,"48,22","1,24",10,N/A,53,"71.058.750,70",N/A
SHPH11,Investidores em Geral,Tijolo:Shoppings,RIO BRAVO INVESTIMENTOS - DISTRIBUIDORA DE TITULOS E VALORES MOBILIARIOS LTDA,"5,10","0,60",15/01/2024,28/12/2023,"4,35","0,51","892,16","0,95",262,N/A,2.434,"563.132.086,63","850,00"
SHSO11,Investidor Profissional,Fundo Misto:Indefinido,HEDGE INVESTMENTS DISTRIBUIDORA DE TÍTULOS E VALORES MOBILIÁRIOS LTDA.,"0,42",N/A,15/01/2024,28/12/2023,"0,83",N/A,"97,08",N/A,N/A,N/A,1,"19.769.049,00",N/A
SIGR11,Investidor Profissional,Fundo Misto:Indefinido,BTG PACTUAL SERVIÇOS FINANCEIROS S/A DTVM,"0,15","0,16",23/01/2024,16/01/2024,"1,16","1,22","102,07","0,93",35,N/A,66,"39.745.199,02","95,11"
SJAU11,N/A,N/A,N/A,N/A,N/A,N/A,N/A,N/A,N/A,N/A,N/A,N/A,N/A,N/A,N/A,N/A
SLDZ11,N/A,N/A,N/A,N/A,N/A,N/A,N/A,N/A,N/A,N/A,N/A,N/A,N/A,N/A,N/A,N/A
SNAG11,Investidores em Geral,Fiagro:Fiagro,SINGULARE CORRETORA DE TITULOS E VALORES MOBILIARIOS S.A.,"0,11","1,04",25/01/2024,15/01/2024,"0,11","1,12","10,09","1,00",59,N/A,78.093,"502.859.127,56","10,12"
SNCI11,Investidores em Geral,Fundo Misto:Indefinido,BTG PACTUAL SERVIÇOS FINANCEIROS S/A DTVM,"1,00","1,00",25/01/2024,15/01/2024,"1,03","1,03","99,50","0,98",11,"0,33",43.231,"426.083.415,68","100,39"
SNEL11,Investidores em Geral,Outros:Fundo de Desenvolvimento,XP INVESTIMENTOS CCTVM S.A.,"1,55","1,23",25/01/2024,15/01/2024,"0,38","0,30","98,67","1,29",35,N/A,5.194,"48.858.354,25","126,47"
SNFF11,Investidores em Geral,Papel:Fundo de Fundos,BTG PACTUAL SERVIÇOS FINANCEIROS S/A DTVM,"0,65","0,73",25/01/2024,15/01/2024,"0,70","0,79","90,14","0,94",17,"0,19",29.716,"260.196.909,41","88,69"
SNLG11,Investidores em Geral,Tijolo:Imóveis Industriais e Logísticos,XP INVESTIMENTOS CCTVM S.A.,"0,35","0,99",25/07/2023,14/07/2023,"0,09","0,25","61,48","0,68",5,N/A,3.411,"65.477.185,63","35,35"
SNME11,Investidores em Geral,Fundos Imobiliários:Fundos Imobiliários,BTG PACTUAL SERVIÇOS FINANCEIROS S/A DTVM,"0,12","1,13",25/01/2024,15/01/2024,"0,02","0,19","9,68","1,09",487,N/A,146,"49.200.037,25","10,60"
SOLR11,Investidores em Geral,Tijolo:Imóveis Comerciais - Outros,PLURAL S.A. BANCO MÚLTIPLO,"4,77",N/A,10/04/2023,31/03/2023,"1,86",N/A,"915,67","1,19",N/A,N/A,52,"59.640.257,20",N/A
SPAF11,Investidor Qualificado,Tijolo:Shoppings,PLURAL S.A. BANCO MÚLTIPLO,"7,19",N/A,25/01/2024,18/01/2024,"5,14",N/A,"1.010,81",N/A,N/A,N/A,1,"11.391.867,20",N/A
SPDE11,N/A,N/A,N/A,N/A,N/A,N/A,N/A,N/A,N/A,N/A,N/A,N/A,N/A,N/A,N/A,N/A
SPMO11,Investidor Profissional,Sem categoria:,BR-CAPITAL DTVM S.A.,"0,43",N/A,28/12/2022,21/12/2022,"0,04",N/A,N/A,"0,78",18,N/A,8,"277.286.683,78",N/A
SPTW11,Investidores em Geral,Tijolo:Lajes Corporativas,GENIAL INVESTIMENTOS CORRETORA DE VALORES MOBILIÁRIOS S.A.,"0,65","1,52",08/01/2024,28/12/2023,"0,45","1,06","55,96","0,76",12,"0,07",25.719,"103.912.577,29","42,88"
SPVJ11,Investidor Qualificado e Profissional,Tijolo:Shoppings,VORTX DISTRIBUIDORA DE TITULOS E VALORES MOBILIARIOS LTDA.,"0,68",N/A,15/01/2024,28/12/2023,"0,67",N/A,"116,14",N/A,N/A,N/A,27,"733.022.162,49",N/A
SPXS11,Investidores em Geral,Fundo Misto:Indefinido,BTG PACTUAL SERVIÇOS FINANCEIROS S/A DTVM,"0,09","0,97",15/01/2024,08/01/2024,"0,10","1,11","9,68","0,97",120,"0,15",7.955,"194.910.395,05","9,39"
SRVD11,Investidor Qualificado e Profissional,Fundo Misto:Indefinido,VORTX DISTRIBUIDORA DE TITULOS E VALORES MOBILIARIOS LTDA.,"0,20","2,29",14/04/2022,07/04/2022,"0,04","0,40","0,74","583,00",21,N/A,106,"-834.096,27","8,75"
STRX11,Investidores em Geral,Fundo Misto:Fundo de Desenvolvimento,INTER DISTRIBUIDORA DE TÍTULOS E VALORES MOBILIÁRIOS,"0,76","0,45",08/01/2024,28/12/2023,"0,75","0,45","164,04","1,14",9,N/A,89,"237.374.028,48","168,00"
TBOF11,Investidores em Geral,Tijolo:Lajes Corporativas,BTG PACTUAL SERVIÇOS FINANCEIROS S/A DTVM,"0,21",N/A,09/06/2022,02/06/2022,"0,09",N/A,"0,21","74,10",N/A,N/A,9.180,"2.097.587,74",N/A
TCIN11,N/A,N/A,N/A,N/A,N/A,N/A,N/A,N/A,N/A,N/A,N/A,N/A,N/A,N/A,N/A,N/A
TCPF11,Investidores em Geral,Fundo Misto:Indefinido,BR-CAPITAL DTVM S.A.,"1,52",N/A,16/11/2023,07/11/2023,"1,46",N/A,"117,84","0,01",N/A,N/A,52,"34.379.751,04",N/A
TELD11,N/A,N/A,N/A,N/A,N/A,N/A,N/A,N/A,N/A,N/A,N/A,N/A,N/A,N/A,N/A,N/A
TELF11,N/A,N/A,N/A,N/A,N/A,N/A,N/A,N/A,N/A,N/A,N/A,N/A,N/A,N/A,N/A,N/A
TELM11,N/A,N/A,N/A,N/A,N/A,N/A,N/A,N/A,N/A,N/A,N/A,N/A,N/A,N/A,N/A,N/A
TEPP11,Investidores em Geral,Tijolo:Lajes Corporativas,BRL TRUST DISTRIBUIDORA DE TITULOS E VALORES MOBILIARIOS S.A.,"0,90","0,98",15/01/2024,28/12/2023,"0,61","0,66","94,98","0,97",26,"0,31",21.472,"408.543.303,66","92,30"
TGAR11,Investidores em Geral,Fundo Misto:Fundo de Desenvolvimento,VORTX DISTRIBUIDORA DE TITULOS E VALORES MOBILIARIOS LTDA.,"1,32","1,08",15/01/2024,28/12/2023,"1,37","1,13","111,49","0,99",194,"1,86",140.200,"2.364.894.946,54","122,00"
THRA11,Investidores em Geral,Outros:Indefinido,HEDGE INVESTMENTS DISTRIBUIDORA DE TÍTULOS E VALORES MOBILIÁRIOS LTDA.,"0,13",N/A,13/08/2021,09/08/2021,"3,92",N/A,N/A,"14,52",81,N/A,2.084,"14.050.683,35",N/A
TJKB11,Investidores em Geral,Fundo Misto:Indefinido,BR-CAPITAL DTVM S.A.,"2,84",N/A,26/01/2024,17/01/2024,"2,51",N/A,"270,88","0,97",8,N/A,82,"205.051.412,28",N/A
TMPS11,Investidores em Geral,Fundo Misto:Papéis,INTRAG DTVM LTDA.,"1,11","1,17",11/01/2024,28/12/2023,"0,54","0,57","103,31","0,93",736,N/A,1.848,"102.808.938,20","95,14"
TORD11,Investidores em Geral,Fundo Misto:Misto,VORTX DISTRIBUIDORA DE TITULOS E VALORES MOBILIARIOS LTDA.,"0,05","0,90",14/02/2023,07/02/2023,"0,01","0,13","14,02","0,17",20,"0,06",92.380,"449.083.764,22","5,57"
TORM13,Investidor Qualificado,Fundo Misto:Fundo de Desenvolvimento,VORTX DISTRIBUIDORA DE TITULOS E VALORES MOBILIARIOS LTDA.,"10,56",N/A,15/10/2021,30/09/2021,"5,34",N/A,N/A,N/A,42,N/A,0,N/A,N/A
TOUR11,Investidores em Geral,Fundo Misto:Fundo de Desenvolvimento,VORTX DISTRIBUIDORA DE TITULOS E VALORES MOBILIARIOS LTDA.,"0,24","2,75",14/12/2021,30/11/2021,"10,96","124,59",N/A,N/A,22,N/A,0,N/A,"8,80"
TRBL11,Investidores em Geral,Sem categoria:,RIO BRAVO INVESTIMENTOS - DISTRIBUIDORA DE TITULOS E VALORES MOBILIARIOS LTDA,"0,72","0,74",15/01/2024,28/12/2023,"0,78","0,80","95,22","1,00",24,"0,50",61.574,"626.900.706,27","97,70"
TRNT11,Investidores em Geral,Tijolo:Lajes Corporativas,BTG PACTUAL SERVIÇOS FINANCEIROS S/A DTVM,"0,22","0,18",19/01/2024,12/01/2024,"0,38","0,31","197,70","0,63",94,N/A,681,"776.089.297,63","121,01"
TRXB11,Investidores em Geral,Fundo Misto:Fundo de Desenvolvimento,BRL TRUST DISTRIBUIDORA DE TITULOS E VALORES MOBILIARIOS S.A.,"2,21",N/A,15/01/2024,28/12/2023,"1,12",N/A,"108,62","1,22",46,N/A,221,"360.509.003,67",N/A
TRXF11,Investidores em Geral,Tijolo:Imóveis Comerciais - Outros,BRL TRUST DISTRIBUIDORA DE TITULOS E VALORES MOBILIARIOS S.A.,"1,70","1,52",15/01/2024,28/12/2023,"0,95","0,85","103,83","1,03",120,"1,35",126.610,"1.654.260.300,76","111,75"
TSER11,Investidores em Geral,Tijolo:Lajes Corporativas,BRL TRUST DISTRIBUIDORA DE TITULOS E VALORES MOBILIARIOS S.A.,"0,94",N/A,15/01/2024,28/12/2023,"0,95",N/A,"102,59","0,98",2,N/A,28,"131.549.740,54",N/A
TSNC11,Investidores em Geral,Tijolo:Lajes Corporativas,BTG PACTUAL SERVIÇOS FINANCEIROS S/A DTVM,"0,63",N/A,23/02/2023,14/02/2023,"0,10",N/A,"88,14",N/A,1,N/A,66,"99.728.718,67",N/A
TSNM11,N/A,N/A,N/A,N/A,N/A,N/A,N/A,N/A,N/A,N/A,N/A,N/A,N/A,N/A,N/A,N/A
TVRI11,Investidor Profissional,Sem categoria:,BEM - DISTRIBUIDORA DE TITULOS E VALORES MOBILIARIOS LTDA.,"0,91","0,93",15/01/2024,28/12/2023,"0,90","0,92","99,05","1,06",20,"1,33",71.716,"1.578.791.878,45","97,84"
UBSR11,N/A,N/A,N/A,N/A,N/A,N/A,N/A,N/A,N/A,N/A,N/A,N/A,N/A,N/A,N/A,N/A
UMED11,N/A,N/A,N/A,N/A,N/A,N/A,N/A,N/A,N/A,N/A,N/A,N/A,N/A,N/A,N/A,N/A
URPR11,Investidores em Geral,Papel:Papéis,VORTX DISTRIBUIDORA DE TITULOS E VALORES MOBILIARIOS LTDA.,"1,11","1,27",15/01/2024,28/12/2023,"1,23","1,40","102,66","0,87",68,"0,84",90.295,"1.212.537.669,48","87,60"
VCJR11,Investidores em Geral,Papel:Papéis,INTRAG DTVM LTDA.,"0,90","0,95",12/01/2024,28/12/2023,"0,92","0,97","97,01","0,98",79,"1,12",26.122,"1.435.144.945,67","94,31"
VCRA11,Investidores em Geral,Fiagro:Fiagro,INTRAG DTVM LTDA.,"1,10","1,15",12/01/2024,28/12/2023,"1,22","1,27","102,96","0,88",28,N/A,9.171,"474.926.202,97","95,89"
VCRI11,Investidores em Geral,Papel:Papéis,BRL TRUST DISTRIBUIDORA DE TITULOS E VALORES MOBILIARIOS S.A.,"0,09","1,01",12/01/2024,28/12/2023,"0,10","1,16","9,63","0,89",20,"0,12",12.030,"172.130.738,18","8,40"
VCRR11,Investidores em Geral,Tijolo:Imóveis Residenciais,BRL TRUST DISTRIBUIDORA DE TITULOS E VALORES MOBILIARIOS S.A.,"0,75","1,11",15/01/2024,28/12/2023,"0,70","1,03","128,14","0,54",12,N/A,4.262,"261.923.164,67","67,57"
VCTH11,N/A,N/A,N/A,N/A,N/A,N/A,N/A,N/A,N/A,N/A,N/A,N/A,N/A,N/A,N/A,N/A
VDSV11,N/A,N/A,N/A,N/A,N/A,N/A,N/A,N/A,N/A,N/A,N/A,N/A,N/A,N/A,N/A,N/A
VERE11,Investidores em Geral,Tijolo:Imóveis Industriais e Logísticos,VORTX DISTRIBUIDORA DE TITULOS E VALORES MOBILIARIOS LTDA.,"3,50",N/A,27/12/2023,26/12/2023,"2,53",N/A,"364,84","0,52",N/A,N/A,53,"277.214.250,97",N/A
VGHF11,Investidores em Geral,Fundo Misto:Misto,BANCO DAYCOVAL S.A.,"0,10","1,05",08/01/2024,28/12/2023,"0,11","1,13","9,25","1,04",291,"0,73",342.991,"1.540.362.286,24","9,56"
VGIA11,Investidores em Geral,Fiagro:Fiagro,BTG PACTUAL SERVIÇOS FINANCEIROS S/A DTVM,"0,12","1,37",18/01/2024,11/01/2024,"0,13","1,41","9,63","0,94",291,N/A,163.632,"825.025.000,36","9,05"
VGII11,N/A,N/A,N/A,N/A,N/A,N/A,N/A,N/A,N/A,N/A,N/A,N/A,N/A,N/A,N/A,N/A
VGIP11,Investidores em Geral,Papel:Papéis,BTG PACTUAL SERVIÇOS FINANCEIROS S/A DTVM,"0,76","0,85",18/01/2024,11/01/2024,"0,88","0,99","93,17","0,97",75,"0,85",89.389,"1.103.957.275,30","89,00"
VGIR11,Investidores em Geral,Papel:Papéis,BTG PACTUAL SERVIÇOS FINANCEIROS S/A DTVM,"0,11","1,11",18/01/2024,11/01/2024,"0,12","1,22","9,76","1,00",382,"0,79",232.865,"995.264.979,41","9,89"
VIDS11,Investidores em Geral,Fundo Misto:Fundo de Desenvolvimento,PLURAL S.A. BANCO MÚLTIPLO,"30,17",N/A,15/01/2024,28/12/2023,"2,51",N/A,"899,95",N/A,N/A,N/A,199,"78.162.980,01",N/A
VIFI11,Investidores em Geral,Papel:Fundo de Fundos,BRL TRUST DISTRIBUIDORA DE TITULOS E VALORES MOBILIARIOS S.A.,"0,07","0,84",12/01/2024,28/12/2023,"0,07","0,82","9,14","0,88",9,"0,05",6.380,"75.546.620,72","8,30"
VILG11,Investidores em Geral,Tijolo:Imóveis Industriais e Logísticos,BRL TRUST DISTRIBUIDORA DE TITULOS E VALORES MOBILIARIOS S.A.,"0,64","0,64",12/01/2024,28/12/2023,"0,67","0,67","111,25","0,81",102,"1,10",162.062,"1.711.089.166,83","99,27"
VINO11,Investidores em Geral,Tijolo:Lajes Corporativas,BRL TRUST DISTRIBUIDORA DE TITULOS E VALORES MOBILIARIOS S.A.,"0,06","0,76",12/01/2024,28/12/2023,"0,06","0,80","10,85","0,75",96,"0,53",147.056,"897.853.061,93","7,64"
VISC11,Investidores em Geral,Tijolo:Shoppings,BRL TRUST DISTRIBUIDORA DE TITULOS E VALORES MOBILIARIOS S.A.,"1,00","0,81",12/01/2024,28/12/2023,"0,89","0,71","115,07","0,91",178,"2,62",275.919,"2.840.393.253,01","123,83"
VIUR11,Investidores em Geral,Fundo Misto:Misto,BRL TRUST DISTRIBUIDORA DE TITULOS E VALORES MOBILIARIOS S.A.,"0,07","0,90",12/01/2024,28/12/2023,"0,07","0,90","9,04","0,87",47,"0,17",49.606,"241.376.040,40","8,00"
VJFD11,Investidores em Geral,Fundo Misto:Indefinido,SOCOPA SOCIEDADE CORRETORA PAULISTA SA,"0,75",N/A,15/01/2024,28/12/2023,"0,84",N/A,"136,27",N/A,N/A,N/A,97,"664.512.886,86",N/A
VLIQ11,Investidores em Geral,Fundo Misto:Indefinido,BRL TRUST DISTRIBUIDORA DE TITULOS E VALORES MOBILIARIOS S.A.,"5,04",N/A,29/12/2022,22/12/2022,"7,56",N/A,"5,09",N/A,N/A,N/A,1,"1.684.672,21",N/A
VLJS11,Investidor Qualificado,Tijolo:Lajes Corporativas,PLANNER CORRETORA DE VALORES SA,"28,05",N/A,26/04/2023,19/04/2023,"2,34",N/A,"1.037,72","1,22",N/A,N/A,9,"24.447.272,32",N/A
VLOL11,Investidores em Geral,Tijolo:Lajes Corporativas,OLIVEIRA TRUST DTVM S.A.,"16,30",N/A,31/05/2023,24/05/2023,"1,67",N/A,"111,06","0,88",3,N/A,3.127,"198.219.080,15",N/A
VOTS11,Investidores em Geral,Papel:Papéis,VOTORANTIM ASSET MANAGEMENT DTVM LTDA.,"0,95",N/A,15/01/2024,29/12/2023,"0,95",N/A,"93,75","0,88",242,N/A,691,"78.013.384,44",N/A
VPSI11,Investidores em Geral,Tijolo:Shoppings,BRL TRUST DISTRIBUIDORA DE TITULOS E VALORES MOBILIARIOS S.A.,"0,23",N/A,08/01/2024,28/12/2023,"0,18",N/A,"21,42",N/A,N/A,N/A,53,"253.654.548,31",N/A
VRTA11,Investidores em Geral,Papel:Papéis,BANCO FATOR S/A,"0,75","0,84",15/01/2024,28/12/2023,"0,83","0,93","93,19","0,93",60,"1,08",123.262,"1.467.190.277,61","89,00"
VRTM11,N/A,N/A,N/A,N/A,N/A,N/A,N/A,N/A,N/A,N/A,N/A,N/A,N/A,N/A,N/A,N/A
VSEC11,Investidor Qualificado,Papel:Papéis,VOTORANTIM ASSET MANAGEMENT DTVM LTDA.,"2,05",N/A,25/10/2023,10/10/2023,"8,00",N/A,"2,91","0,07",1,N/A,64,"182.284,39",N/A
VSHO11,Investidores em Geral,Tijolo:Shoppings,VOTORANTIM ASSET MANAGEMENT DTVM LTDA.,"0,70","0,83",09/01/2024,28/12/2023,"0,71","0,84","101,23","0,82",2,N/A,3.835,"212.095.101,51","84,75"
VSLH11,Investidores em Geral,Papel:Papéis,VORTX DISTRIBUIDORA DE TITULOS E VALORES MOBILIARIOS LTDA.,"0,04","0,94",15/01/2024,08/01/2024,"0,04","0,98","10,54","0,38",41,"0,10",87.757,"320.294.174,01","4,25"
VTLT11,Investidores em Geral,Tijolo:Imóveis Industriais e Logísticos,VOTORANTIM ASSET MANAGEMENT DTVM LTDA.,"0,89","0,90",09/01/2024,28/12/2023,"0,88","0,89","101,16","0,86",3,"0,17",6.052,"237.986.610,72","99,00"
VTPA11,N/A,N/A,N/A,N/A,N/A,N/A,N/A,N/A,N/A,N/A,N/A,N/A,N/A,N/A,N/A,N/A
VTPL11,Investidor Qualificado,Papel:Papéis,BTG PACTUAL SERVIÇOS FINANCEIROS S/A DTVM,"5,11",N/A,16/12/2019,09/12/2019,"0,48",N/A,"76,26",N/A,N/A,N/A,1,"100.251.377,59",N/A
VTVI11,N/A,N/A,N/A,N/A,N/A,N/A,N/A,N/A,N/A,N/A,N/A,N/A,N/A,N/A,N/A,N/A
VTXI11,N/A,N/A,N/A,N/A,N/A,N/A,N/A,N/A,N/A,N/A,N/A,N/A,N/A,N/A,N/A,N/A
VVCO11,N/A,N/A,N/A,N/A,N/A,N/A,N/A,N/A,N/A,N/A,N/A,N/A,N/A,N/A,N/A,N/A
VVCR11,Investidores em Geral,Sem categoria:,BTG PACTUAL SERVIÇOS FINANCEIROS S/A DTVM,"0,31","1,48",24/01/2024,17/01/2024,"0,48","2,32","21,91","0,95",750,N/A,2.767,"40.569.409,52","20,89"
VVPR11,Investidores em Geral,Tijolo:Lajes Corporativas,BTG PACTUAL SERVIÇOS FINANCEIROS S/A DTVM,"0,89","0,89",30/09/2022,23/09/2022,"0,60","0,60","98,03","1,04",816,N/A,1.372,"226.032.234,18","99,90"
VVRI11,Investidores em Geral,Fundo Misto:Indefinido,BTG PACTUAL SERVIÇOS FINANCEIROS S/A DTVM,"1,63","1,67",24/01/2024,17/01/2024,"1,14","1,17","109,70","0,89",160,N/A,133,"43.880.528,19","97,50"
VXXV11,Investidor Qualificado,Fundo Misto:Fundo de Desenvolvimento,PLANNER TRUSTEE DISTRIBUIDORA DE TÍTULOS E VALORES MOBILIÁRIOS LTDA.,"10,76",N/A,13/11/2020,30/10/2020,"1,54",N/A,"876,17","0,89",8,N/A,20,"307.599.106,69",N/A
WHGR11,Investidores em Geral,Fundo Misto:Indefinido,XP INVESTIMENTOS CCTVM S.A.,"0,10","1,02",15/01/2024,28/12/2023,"0,10","1,04","9,97","1,00",75,"0,20",13.002,"250.010.357,04","9,80"
WPLZ11,Investidores em Geral,Tijolo:Shoppings,HEDGE INVESTMENTS DISTRIBUIDORA DE TÍTULOS E VALORES MOBILIÁRIOS LTDA.,"0,41","0,63",15/01/2024,28/12/2023,"0,43","0,67","87,03","0,76",198,N/A,1.874,"94.775.659,80","65,00"
WSEC11,Investidor Profissional,Sem categoria:,VORTX DISTRIBUIDORA DE TITULOS E VALORES MOBILIARIOS LTDA.,"1,00","1,19",15/01/2024,08/01/2024,"1,03","1,23","101,02","0,84",446,N/A,476,"24.781.361,10","84,15"
WTSP11B,Investidor Qualificado,Fundo Misto:Misto,BANCO OURINVEST S.A.,"1,15",N/A,22/01/2024,15/01/2024,"0,32",N/A,"72,72","0,45",253,N/A,215,"79.374.720,64",N/A
WVSC11,N/A,N/A,N/A,N/A,N/A,N/A,N/A,N/A,N/A,N/A,N/A,N/A,N/A,N/A,N/A,N/A
XBXO11,N/A,N/A,N/A,N/A,N/A,N/A,N/A,N/A,N/A,N/A,N/A,N/A,N/A,N/A,N/A,N/A
XPCA11,Investidores em Geral,Fiagro:Fiagro,XP INVESTIMENTOS CCTVM S.A.,"0,12","1,29",15/01/2024,28/12/2023,"0,12","1,32","9,50","1,00",206,N/A,94.546,"432.330.451,69","9,29"
XPCI11,Investidores em Geral,Papel:Papéis,XP INVESTIMENTOS CCTVM S.A.,"0,76","0,87",15/01/2024,28/12/2023,"0,92","1,05","93,32","0,95",89,"0,61",77.104,"814.257.093,26","86,91"
XPCM11,Investidores em Geral,Tijolo:Lajes Corporativas,RIO BRAVO INVESTIMENTOS - DISTRIBUIDORA DE TITULOS E VALORES MOBILIARIOS LTDA,"0,02","0,20",15/01/2024,28/12/2023,"0,08","0,78","40,88","0,34",4,N/A,23.732,"70.753.126,38","10,24"
XPHT11,Investidores em Geral,Tijolo:Hotéis,BTG PACTUAL SERVIÇOS FINANCEIROS S/A DTVM,"0,43","0,95",15/01/2024,04/01/2024,"11,50","25,56","42,97","0,72",555,N/A,787,"579.134.800,00","45,00"
XPIN11,Investidores em Geral,Tijolo:Imóveis Industriais e Logísticos,VORTX DISTRIBUIDORA DE TITULOS E VALORES MOBILIARIOS LTDA.,"0,61","0,75",25/01/2024,18/01/2024,"0,65","0,80","102,67","0,80",30,"0,47",49.070,"734.131.689,03","80,81"
XPLG11,Investidores em Geral,Tijolo:Imóveis Industriais e Logísticos,VORTX DISTRIBUIDORA DE TITULOS E VALORES MOBILIARIOS LTDA.,"0,78","0,72",15/01/2024,28/12/2023,"0,77","0,70","110,14","1,00",193,"2,58",320.579,"3.267.595.223,68","108,90"
XPML11,Investidores em Geral,Tijolo:Shoppings,XP INVESTIMENTOS CCTVM S.A.,"0,92","0,79",25/01/2024,18/01/2024,"0,83","0,72","111,91","1,03",366,"3,45",409.164,"3.445.982.046,45","115,99"
XPPR11,Investidores em Geral,Fundo Misto:Indefinido,VORTX DISTRIBUIDORA DE TITULOS E VALORES MOBILIARIOS LTDA.,"0,10","0,44",15/01/2024,28/12/2023,"0,12","0,51","69,48","0,32",23,"0,12",55.733,"487.524.762,72","22,78"
XPSF11,Investidores em Geral,Papel:Fundo de Fundos,XP INVESTIMENTOS CCTVM S.A.,"0,08","0,90",15/01/2024,28/12/2023,"0,08","0,91","8,47","0,99",78,"0,29",62.335,"375.011.611,85","8,32"
XTED11,N/A,N/A,N/A,N/A,N/A,N/A,N/A,N/A,N/A,N/A,N/A,N/A,N/A,N/A,N/A,N/A
YCHY11,N/A,N/A,N/A,N/A,N/A,N/A,N/A,N/A,N/A,N/A,N/A,N/A,N/A,N/A,N/A,N/A
YEES11,N/A,N/A,N/A,N/A,N/A,N/A,N/A,N/A,N/A,N/A,N/A,N/A,N/A,N/A,N/A,N/A
YUFI11,Investidor Profissional,Fundo Misto:Fundo de Desenvolvimento,BRL TRUST DISTRIBUIDORA DE TITULOS E VALORES MOBILIARIOS S.A.,"0,39",N/A,16/10/2023,29/09/2029,"0,26",N/A,"101,66","0,78",2,N/A,60,"50.383.877,76",N/A
ZAVC11,N/A,N/A,N/A,N/A,N/A,N/A,N/A,N/A,N/A,N/A,N/A,N/A,N/A,N/A,N/A,N/A
ZAVI11,Investidores em Geral,Fundo Misto:Indefinido,VORTX DISTRIBUIDORA DE TITULOS E VALORES MOBILIARIOS LTDA.,"1,24","0,99",12/01/2024,28/12/2023,"1,13","0,90","134,97","0,99",9,N/A,5.007,"156.959.628,57","125,00"
ZIFI11,Investidores em Geral,Fundo Misto:Fundo de Desenvolvimento,PLANNER TRUSTEE DISTRIBUIDORA DE TÍTULOS E VALORES MOBILIÁRIOS LTDA.,"3,31",N/A,14/07/2022,30/06/2022,"0,68",N/A,"1.200,00","0,69",270,N/A,69,"57.007.064,45",N/A
